probe_idx,gapfill,AAC,CAC,CAGCT,CGGCT,GGGCG,GGGGG,
0,AAC,0.9810646330903435,0.0024721534072314534,,,,,
2,CGGCT,,,0.002472125039396936,0.9810645848898527,,,
2,CAGCT,,,0.9810645848898527,0.002472125039396936,,,
7,GGGGG,,,,,0.0024721732398877805,0.9810838578904912,
11,,,,,,,,1e-09
0,CAC,0.0024721448720532633,0.9810645848898527,,,,,
0,AC,0.003315292044798846,0.0033058749576183166,,,,,
0,CCC,2.836783451736667e-08,0.0024721732398877805,,,,,
7,GGGCG,,,,,0.9810645848898527,0.0024721732398877805,
0,CC,9.27546561935948e-06,2.069135303091444e-05,,,,,
11,T,,,,,,,1e-09
2,CACCT,,,0.002472125039396936,1e-09,,,
2,CGACT,,,1e-09,0.002472125039396936,,,
2,CGCT,,,8.265261159537971e-06,8.265261159537971e-06,,,
2,AGCT,,,0.003304870569043036,8.265261159537971e-06,,,
2,CGGGT,,,1e-09,0.002472125039396936,,,
11,TGT,,,,,,,1e-09
2,CGGTT,,,1e-09,0.002472125039396936,,,
7,GGACG,,,,,0.002472125039396936,1e-09,
2,CAACT,,,0.002472125039396936,1e-09,,,
2,CACT,,,1e-09,1e-09,,,
7,GGGG,,,,,1.968613703086157e-05,0.007471920047497373,
7,GGGCT,,,,,0.002472125039396936,2.836783451736667e-08,
0,AACA,0.0033671867419323145,8.48476928559279e-06,,,,,
2,CAGTT,,,0.002472125039396936,1e-09,,,
0,AAT,0.0024721732398877805,2.836783451736667e-08,,,,,
2,CAGGT,,,0.002472125039396936,1e-09,,,
0,C,0.00029494991942158354,0.0008198538170710456,,,,,
2,TGGCT,,,1e-09,0.002472125039396936,,,
2,TAGCT,,,0.002472125039396936,1e-09,,,
0,AAA,0.002480083509007629,4.820049084459794e-08,,,,,
0,ACC,0.0024834679382593314,1.1362731518723131e-05,,,,,
2,G,,,1.5744701285354722e-07,1.574470128535472e-07,,,
0,CGC,1e-09,0.002472125039396936,,,,,
2,GCT,,,0.0002936088769481265,0.00029360887694812653,,,
2,GGCT,,,8.265261159537971e-06,0.003304870569043036,,,
0,AGC,0.0024721534072314534,2.836783451736667e-08,,,,,
2,TAGTT,,,1e-09,1e-09,,,
2,CGGCC,,,1e-09,0.002472125039396936,,,
7,GGCG,,,,,0.0033048730560365455,1.868673691534836e-05,
2,CAGAT,,,0.002472125039396936,1e-09,,,
2,CGTCT,,,1e-09,0.002472125039396936,,,
0,CACA,8.48476928559279e-06,0.0033671867419323145,,,,,
2,CAGCGT,,,8.48476928559279e-06,1e-09,,,
7,GG,,,,,1.775494534570045e-06,3.0187798631129833e-06,
2,CAGNT,,,0.002472125039396936,1e-09,,,
2,CAGCC,,,0.002472125039396936,1e-09,,,
2,TAGGT,,,1e-09,1e-09,,,
2,TCGCT,,,1e-09,1e-09,,,
0,CAG,1.983265632723127e-08,0.002472125039396936,,,,,
2,CT,,,1e-09,1e-09,,,
0,TAC,0.0024721448720532633,0.002472125039396936,,,,,
2,CCGCT,,,0.002472125039396936,0.002472125039396936,,,
0,AAG,0.0024721732398877805,2.836783451736667e-08,,,,,
0,CAT,1.983265632723127e-08,0.002472125039396936,,,,,
7,AGGCG,,,,,0.002472125039396936,1.983265632723127e-08,
2,GAGCT,,,0.002472125039396936,1e-09,,,
2,AGAT,,,8.265261159537971e-06,1e-09,,,
7,GCG,,,,,0.0002949150931136523,2.069870466957753e-06,
2,TGGGT,,,1e-09,1e-09,,,
2,CGCCT,,,1e-09,0.002472125039396936,,,
2,GGTT,,,2.501466258859992e-09,8.267762625796832e-06,,,
2,TAACT,,,1e-09,1e-09,,,
