probe_idx,gapfill,CTGGAT,CCGGAT,AAC,CAC,CTCATACC,CTCATACT,CCCC,CCC
24,CCGGAT,0.002472125039396936,0.9810645848898527,,,,,,
28,AAC,,,0.9810646330903435,0.0024721534072314534,,,,
67,CTCATACT,,,,,0.002472125039396936,0.9810645848898527,,
28,CAC,,,0.0024721448720532633,0.9810645848898527,,,,
67,CTCATACC,,,,,0.9810645848898527,0.002472125039396936,,
24,CTGGAT,0.9810645848898527,0.002472125039396936,,,,,,
67,CCCATACC,,,,,0.002472125039396936,1e-09,,
28,C,,,0.00029494991942158354,0.0008198538170710456,,,,
24,CTAGAT,0.002472125039396936,1e-09,,,,,,
24,CCGGCT,1e-09,0.002472125039396936,,,,,,
28,CCC,,,2.836783451736667e-08,0.0024721732398877805,,,,
1,CCC,,,,,,,0.007471920047497374,0.9810838578904912
24,CAGGAT,0.002472125039396936,0.002472125039396936,,,,,,
67,CTCACACT,,,,,1e-09,0.002472125039396936,,
24,CCAGAT,1e-09,0.002472125039396936,,,,,,
67,CTAATACT,,,,,1e-09,0.002472125039396936,,
28,AC,,,0.003315292044798846,0.0033058749576183166,,,,
67,CTCGTACT,,,,,1e-09,0.002472125039396936,,
24,CTTGAT,0.002472125039396936,1e-09,,,,,,
67,CTCATCC,,,,,1.0416487296041751e-05,1.0416487296041751e-05,,
24,CCAAAC,1e-09,1e-09,,,,,,
24,CTGGT,1.0416487296041751e-05,1e-09,,,,,,
24,CTGGCT,0.002472125039396936,1e-09,,,,,,
24,AT,1e-09,1e-09,,,,,,
24,CGGGAT,0.002472125039396936,0.002472125039396936,,,,,,
24,TCAGAT,1e-09,1e-09,,,,,,
24,CCGTAT,1e-09,0.002472125039396936,,,,,,
67,CTCCTACT,,,,,1e-09,0.002472125039396936,,
67,CTCATCCT,,,,,1e-09,0.002472125039396936,,
1,CCCC,,,,,,,0.9810838578904912,0.005235102114356561
28,AACATACT,,,1e-09,1e-09,,,,
24,CTGACT,1e-09,1e-09,,,,,,
24,CTGAAT,0.002472125039396936,1e-09,,,,,,
67,CTCCTCCT,,,,,1e-09,1e-09,,
24,ATGGAT,0.002472125039396936,1e-09,,,,,,
24,ACGGAT,1e-09,0.002472125039396936,,,,,,
24,CCAT,1e-09,1e-09,,,,,,
28,AAA,,,0.002480083509007629,4.820049084459794e-08,,,,
24,,1e-09,1e-09,,,,,,
24,CTGGGT,0.002472125039396936,1e-09,,,,,,
67,ATCATACT,,,,,1e-09,0.002472125039396936,,
24,CCGAAT,1e-09,0.002472125039396936,,,,,,
24,CCGCAT,1e-09,0.002472125039396936,,,,,,
24,CTGGAC,0.002472125039396936,1e-09,,,,,,
28,CC,,,9.27546561935948e-06,2.069135303091444e-05,,,,
67,TCATACT,,,,,8.265261159537971e-06,0.003304870569043036,,
24,CCGGAC,1e-09,0.002472125039396936,,,,,,
67,CTAATACC,,,,,0.002472125039396936,1e-09,,
67,CTCATCT,,,,,1e-09,1e-09,,
24,CCAGCT,1e-09,1e-09,,,,,,
24,TCGGAT,1e-09,0.002472125039396936,,,,,,
24,CCTGAT,1e-09,0.002472125039396936,,,,,,
1,CC,,,,,,,0.0008338487937497626,0.007471920047497374
67,CTCCCACC,,,,,1e-09,1e-09,,
28,AGC,,,0.0024721534072314534,2.836783451736667e-08,,,,
28,CAA,,,7.930101776176147e-06,0.0024721448720532633,,,,
67,CTCATGCC,,,,,0.002472125039396936,1e-09,,
24,TTGGAT,0.002472125039396936,1e-09,,,,,,
24,CTGGATA,0.0033671867419323145,8.48476928559279e-06,,,,,,
67,CTCCTACC,,,,,0.002472125039396936,1e-09,,
67,CTCATCCC,,,,,0.002472125039396936,1e-09,,
24,CTGGAA,0.002472125039396936,1e-09,,,,,,
67,CTCATATA,,,,,1e-09,1e-09,,
24,CCGGGT,1e-09,0.002472125039396936,,,,,,
67,CTCTTACT,,,,,1e-09,0.002472125039396936,,
24,CTAT,1e-09,1e-09,,,,,,
67,CTCATAC,,,,,0.004165039873879004,0.004165039873879003,,
24,CCGAT,1e-09,8.265261159537971e-06,,,,,,
67,ATAATACT,,,,,1e-09,1e-09,,
24,CTGAT,1e-09,8.265261159537971e-06,,,,,,
67,CTCATACA,,,,,0.002472125039396936,0.002472125039396936,,
67,CCCATACT,,,,,1e-09,0.002472125039396936,,
28,AA,,,0.004174309523613822,1.868673691534836e-05,,,,
24,CCGACT,1e-09,1e-09,,,,,,
28,ACC,,,0.0024834679382593314,1.1362731518723131e-05,,,,
67,CTCCTGCT,,,,,1e-09,1e-09,,
67,CTCCTCCC,,,,,1e-09,1e-09,,
28,AAT,,,0.0024721732398877805,2.836783451736667e-08,,,,
67,CTCATAAT,,,,,1e-09,0.002472125039396936,,
67,CTCAT,,,,,1e-09,1e-09,,
24,CCGAA,1e-09,1.0416487296041751e-05,,,,,,
67,TTCATACT,,,,,1e-09,0.002472125039396936,,
67,TTCATACC,,,,,0.002472125039396936,1e-09,,
24,CCGGCC,1e-09,1e-09,,,,,,
28,CACA,,,8.48476928559279e-06,0.0033671867419323145,,,,
28,CAT,,,1.983265632723127e-08,0.002472125039396936,,,,
67,ATAATACC,,,,,1e-09,1e-09,,
1,,,,,,,,1.5744701285354722e-07,3.0187798631129837e-06
24,TAGGGT,1e-09,1e-09,,,,,,
24,CCGGT,1e-09,1.0416487296041751e-05,,,,,,
24,GTGGAT,0.002472125039396936,1e-09,,,,,,
67,CTACTACC,,,,,1e-09,1e-09,,
24,CTGTAT,0.002472125039396936,1e-09,,,,,,
24,CTGAA,1.0416487296041751e-05,1e-09,,,,,,
67,TCCATAGT,,,,,1e-09,1e-09,,
24,CCGGTT,1e-09,0.002472125039396936,,,,,,
24,ATGGGT,1e-09,1e-09,,,,,,
24,CCGGATA,8.48476928559279e-06,0.0033671867419323145,,,,,,
24,CAT,1e-09,1e-09,,,,,,
67,CACATACC,,,,,0.002472125039396936,1e-09,,
67,CTCACACC,,,,,0.002472125039396936,1e-09,,
24,CTGGA,0.004165039873879003,1.0416487296041751e-05,,,,,,
24,CCTGCT,1e-09,1e-09,,,,,,
67,CTCTTCCT,,,,,1e-09,1e-09,,
28,GAC,,,0.0024721448720532633,0.002472125039396936,,,,
67,CCATACC,,,,,8.265261159537971e-06,1e-09,,
24,TGGAT,0.003304870569043036,8.265261159537971e-06,,,,,,
67,ATCATCCT,,,,,1e-09,1e-09,,
24,CGGAT,8.265261159537971e-06,0.003304870569043036,,,,,,
24,CGGAC,1e-09,8.265261159537971e-06,,,,,,
67,CTCATGCT,,,,,1e-09,0.002472125039396936,,
67,CTCATATT,,,,,1e-09,0.002472125039396936,,
67,CCCCTCCC,,,,,1e-09,1e-09,,
67,CCCCTACC,,,,,1e-09,1e-09,,
24,GCGGGT,1e-09,1e-09,,,,,,
67,CCAATCCT,,,,,1e-09,1e-09,,
67,CTCATACTG,,,,,8.48476928559279e-06,0.0033671867419323145,,
67,CCCCTACT,,,,,1e-09,1e-09,,
28,TAC,,,0.0024721448720532633,0.002472125039396936,,,,
1,ACCC,,,,,,,0.002480083509007629,0.0018764001417098392
24,TTAGAT,1e-09,1e-09,,,,,,
67,CCCACACT,,,,,1e-09,1e-09,,
67,ATCCTACC,,,,,1e-09,1e-09,,
24,CCAGAC,1e-09,1e-09,,,,,,
24,CCNGAT,1e-09,0.002472125039396936,,,,,,
28,CGC,,,1e-09,0.002472125039396936,,,,
67,ATCATACC,,,,,0.002472125039396936,1e-09,,
67,CTCATATC,,,,,0.002472125039396936,1e-09,,
67,CTCCCACT,,,,,1e-09,1e-09,,
1,C,,,,,,,3.0187798631129837e-06,0.0008338487937497626
67,CCATACT,,,,,1e-09,8.265261159537971e-06,,
67,CTCATACCG,,,,,0.0033671867419323145,8.48476928559279e-06,,
24,CTTGAC,1e-09,1e-09,,,,,,
67,CCCACACC,,,,,1e-09,1e-09,,
24,CCAGGT,1e-09,1e-09,,,,,,
24,CCCGAT,1e-09,0.002472125039396936,,,,,,
24,CCAAT,1e-09,1e-09,,,,,,
67,,,,,,1e-09,1e-09,,
24,CCGGNT,1e-09,0.002472125039396936,,,,,,
24,CCTTCT,1e-09,1e-09,,,,,,
67,CTCAGCAGTGTC,,,,,1e-09,1e-09,,
1,CCGATAGA,,,,,,,1e-09,1e-09
28,NAC,,,0.0024721448720532633,0.002472125039396936,,,,
24,CTGGCC,1e-09,1e-09,,,,,,
24,CTTGCT,1e-09,1e-09,,,,,,
67,CTCACCCGT,,,,,1e-09,1e-09,,
24,CATAAT,1e-09,1e-09,,,,,,
67,CTTATAAT,,,,,1e-09,1e-09,,
24,TCCGGAT,4.706846455132084e-06,0.0018679153724242465,,,,,,
67,CTCATTCT,,,,,1e-09,0.002472125039396936,,
24,CCGTCT,1e-09,1e-09,,,,,,
67,TCATACC,,,,,0.003304870569043036,8.265261159537971e-06,,
24,TCGGGT,1e-09,1e-09,,,,,,
24,CTGGAG,0.002472125039396936,1e-09,,,,,,
67,CGCATCC,,,,,1e-09,1e-09,,
67,CTACTACT,,,,,1e-09,1e-09,,
24,CGGCT,1e-09,8.265261159537971e-06,,,,,,
67,CTCACT,,,,,1e-09,1e-09,,
67,CTCCCCCT,,,,,1e-09,1e-09,,
67,CACATACT,,,,,1e-09,0.002472125039396936,,
24,CCAAAT,1e-09,1e-09,,,,,,
67,CTCATAAC,,,,,0.002472125039396936,1e-09,,
24,AGAT,7.288279935006296e-07,7.288279935006296e-07,,,,,,
67,CTCGTACC,,,,,0.002472125039396936,1e-09,,
67,CTCATANC,,,,,0.002472125039396936,1e-09,,
67,CTTATACT,,,,,1e-09,0.002472125039396936,,
67,ACCATACC,,,,,1e-09,1e-09,,
67,CTCATAGC,,,,,0.002472125039396936,1e-09,,
67,GTCATACC,,,,,0.002472125039396936,1e-09,,
24,CCTACT,1e-09,1e-09,,,,,,
24,GCGGCT,1e-09,1e-09,,,,,,
24,GCGGAT,1e-09,0.002472125039396936,,,,,,
1,AGGGGC,,,,,,,1e-09,1e-09
24,CTGCAT,0.002472125039396936,1e-09,,,,,,
28,A,,,0.0005409687447951369,1.6064847145674825e-05,,,,
24,CAGGCT,1e-09,1e-09,,,,,,
67,TTCATCCT,,,,,1e-09,1e-09,,
67,CTCATANT,,,,,1e-09,0.002472125039396936,,
67,CTCATACG,,,,,0.002472125039396936,0.002472125039396936,,
28,GCC,,,2.836783451736667e-08,4.820049084459794e-08,,,,
67,CTCATGTC,,,,,1e-09,1e-09,,
24,CCGTAC,1e-09,1e-09,,,,,,
24,ATGGCT,1e-09,1e-09,,,,,,
24,CCGGA,1.0416487296041751e-05,0.004165039873879003,,,,,,
24,CTAGGT,1e-09,1e-09,,,,,,
67,ATAATCCT,,,,,1e-09,1e-09,,
67,CTCATAGT,,,,,1e-09,0.002472125039396936,,
67,CTCACCCC,,,,,1e-09,1e-09,,
24,GTAGAC,1e-09,1e-09,,,,,,
67,CTAATAAC,,,,,1e-09,1e-09,,
24,CTGTCT,1e-09,1e-09,,,,,,
24,CCGGAG,1e-09,0.002472125039396936,,,,,,
67,CGCATACC,,,,,0.002472125039396936,1e-09,,
24,ACGGGT,1e-09,1e-09,,,,,,
24,CTGNAT,0.002472125039396936,1e-09,,,,,,
24,CTTGCC,1e-09,1e-09,,,,,,
