probe_idx,gapfill,AAC,CAC,TCTTTTA,TCTTTCA,AAT,ACCT,ACGA,ACGC,ATCT,CCC,CCGGAT,CCTT,CTCATACT,CTTTCT,GCAGCG,GTT,TA,TGTT
28.0,AAC,0.9810646330903436,0.0024721534072314,,,,,,,,,,,,,,,,
55.0,TCTTTCA,,,0.0024721250393969,0.9810645848898528,,,,,,,,,,,,,,
28.0,GAC,0.0024721448720532,0.0024721250393969,,,,,,,,,,,,,,,,
28.0,CAC,0.0024721448720532,0.9810645848898528,,,,,,,,,,,,,,,,
55.0,TCTTTTA,,,0.9810645848898528,0.0024721250393969,,,,,,,,,,,,,,
28.0,AC,0.0033152920447988,0.0033058749576183,,,,,,,,,,,,,,,,
55.0,TCTTCA,,,1e-09,1e-09,,,,,,,,,,,,,,
28.0,ACC,0.0024834679382593,1.1362731518723131e-05,,,,,,,,,,,,,,,,
55.0,TCTTTTAA,,,0.0033671867419323,8.48476928559279e-06,,,,,,,,,,,,,,
55.0,CCTTTTA,,,0.0024721250393969,1e-09,,,,,,,,,,,,,,
55.0,TCTTTAA,,,0.0024721250393969,0.0024721250393969,,,,,,,,,,,,,,
55.0,TCTTTCT,,,1e-09,0.0024721250393969,,,,,,,,,,,,,,
28.0,AAA,0.0024800835090076,4.8200490844597945e-08,,,,,,,,,,,,,,,,
28.0,C,0.0002949499194215,0.000819853817071,,,,,,,,,,,,,,,,
55.0,TCTTTCAA,,,8.48476928559279e-06,0.0033671867419323,,,,,,,,,,,,,,
55.0,TCTTTTG,,,0.0024721250393969,1e-09,,,,,,,,,,,,,,
55.0,TGTTTTT,,,1e-09,1e-09,,,,,,,,,,,,,,
28.0,CCC,2.8367834517366672e-08,0.0024721732398877,,,,,,,,,,,,,,,,
28.0,AA,0.0041743095236138,1.868673691534836e-05,,,,,,,,,,,,,,,,
55.0,TCTTCCA,,,1e-09,0.0024721250393969,,,,,,,,,,,,,,
55.0,TCTTTCG,,,1e-09,0.0024721250393969,,,,,,,,,,,,,,
55.0,CTTTTAA,,,1.1342898862395898e-05,2.8367834517366672e-08,,,,,,,,,,,,,,
55.0,TCTTTCC,,,1e-09,0.0024721250393969,,,,,,,,,,,,,,
55.0,TCTTTA,,,1.0416487296041753e-05,1.0416487296041753e-05,,,,,,,,,,,,,,
28.0,CC,9.27546561935948e-06,2.069135303091444e-05,,,,,,,,,,,,,,,,
65.0,,,,,,0.0,0.0,0.0,1.0,0.0,0.0,0.0,0.0,0.0,0.0,0.0,0.0,0.0,0.0
38.0,,,,,,0.0,1.0,0.0,0.0,0.0,0.0,0.0,0.0,0.0,0.0,0.0,0.0,0.0,0.0
24.0,,,,,,0.0,0.0,0.0,0.0,0.0,0.0,1.0,0.0,0.0,0.0,0.0,0.0,0.0,0.0
60.0,,,,,,1.0,0.0,0.0,0.0,0.0,0.0,0.0,0.0,0.0,0.0,0.0,0.0,0.0,0.0
62.0,,,,,,0.0,0.0,0.0,0.0,0.0,0.0,0.0,0.0,0.0,0.0,1.0,0.0,0.0,0.0
6.0,,,,,,0.0,0.0,0.0,0.0,0.0,0.0,0.0,1.0,0.0,0.0,0.0,0.0,0.0,0.0
1.0,,,,,,0.0,0.0,0.0,0.0,0.0,1.0,0.0,0.0,0.0,0.0,0.0,0.0,0.0,0.0
22.0,,,,,,0.0,0.0,1.0,0.0,0.0,0.0,0.0,0.0,0.0,0.0,0.0,0.0,0.0,0.0
22.0,,,,,,0.0,0.0,1.0,0.0,0.0,0.0,0.0,0.0,0.0,0.0,0.0,0.0,0.0,0.0
63.0,,,,,,0.0,0.0,0.0,0.0,0.0,0.0,0.0,0.0,0.0,0.0,0.0,0.0,1.0,0.0
61.0,,,,,,0.0,0.0,0.0,0.0,0.0,0.0,0.0,0.0,0.0,0.0,0.0,1.0,0.0,0.0
49.0,,,,,,0.0,0.0,0.0,0.0,1.0,0.0,0.0,0.0,0.0,0.0,0.0,0.0,0.0,0.0
50.0,,,,,,0.0,0.0,0.0,0.0,0.0,0.0,0.0,0.0,0.0,1.0,0.0,0.0,0.0,0.0
62.0,,,,,,0.0,0.0,0.0,0.0,0.0,0.0,0.0,0.0,0.0,0.0,1.0,0.0,0.0,0.0
61.0,,,,,,0.0,0.0,0.0,0.0,0.0,0.0,0.0,0.0,0.0,0.0,0.0,0.0,0.0,1.0
67.0,,,,,,0.0,0.0,0.0,0.0,0.0,0.0,0.0,0.0,1.0,0.0,0.0,0.0,0.0,0.0
