probe_idx,name,gapfill,gapfill_from_transcriptome,likelihood,frequency,count_of_this_gapfill,count_of_this_probe
0,JAK2 c.1849G>T,AAC,CAC,0.0024721534072314534,0.47632807290509,10715.0,22495.0
4,JAK2 c.839C>T,TGAA,TGAA,0.9810645848898527,0.9915216421240518,4444.0,4482.0
7,SRSF2 c.284C>G,GGGGG,GGGGG,0.9810838578904912,0.9944598337950139,359.0,361.0
8,ASXL1 c.2245_2246insGG,GGGGAGT,GGGGAGT,0.9810645848898527,0.9819921215531795,1745.0,1777.0
19,JAK2 c.892T>C,CA,CA,0.9810646330903435,0.988743413699505,24770.0,25052.0
19,JAK2 c.892T>C,CT,CA,0.0024721732398877805,0.002594603225291394,65.0,25052.0
24,JAK2 c.731A>G,GGCTTT,GGCTTT,0.9810645848898527,0.9872773536895675,15908.0,16113.0
25,NFE2 c.714_716delinsAA,CGTAGG,CGTAGG,0.9810645848898527,0.9355828220858896,2745.0,2934.0
28,U2AF1 c.470A>C,ACTG,ACTG,0.9810645848898527,0.9857927891703525,14710.0,14922.0
29,SETD2 c.4702A>G,TTGGC,TTGGC,0.9810645848898527,0.9557733383590903,7607.0,7959.0
31,TET2 c.4546C>T,CGCAAAA,CGCAAA,0.0033671867419323145,0.07066007560337308,486.0,6878.0
35,TET2 c.4021dupG,GCA,GCA,0.9810645848898527,0.9738878143133463,7049.0,7238.0
38,TET2 c.2908dupA,GTT,GTT,0.9810646330903435,0.3530230292910318,5074.0,14373.0
38,TET2 c.2908dupA,GTTT,GTT,0.0033718935883874468,0.6394628817922493,9191.0,14373.0
38,TET2 c.2908dupA,TT,GTT,0.0033162972607988996,0.0014610728449175538,21.0,14373.0
43,TET2 c.2439_2440insA,CGAT,CGAT,0.9810645848898527,0.963173475429248,8134.0,8445.0
44,ASXL1 c.2407C>T,TGCT,TGCT,0.9810645848898527,0.9835469345341185,5679.0,5774.0
45,SF3B1 c.2098A>G,CTTTCT,CTTTCT,0.9810645848898527,0.9746816252274105,25716.0,26384.0
48,NFE2 c.190_194del,AGTAAGTT,AGTAAGTT,0.9810645848898527,0.9848375451263538,6820.0,6925.0
49,KRAS c.173C>T,CTGT,CTGT,0.9810645848898527,0.992334815269048,6473.0,6523.0
51,SRSF2 c.161C>T,GGAC,GGAC,0.9810645848898527,0.9910021851835983,23129.0,23339.0
52,SH2B3 c.1527del,GAGCC,GAGCC,0.9810645848898527,0.9842037853991746,6916.0,7027.0
54,CBL c.1259G>A,TCGGC,TCGGC,0.9810645848898527,0.8723383280757098,8849.0,10144.0
58,CALR c.1154_1155insTTGTC,CCTT,CCTT,0.9810646330903435,0.96345083213964,65242.0,67717.0
89,NFE2 c.113_115,CCT,CCT,0.9810646330903435,0.9934092270820851,4974.0,5007.0
91,TP53 c.373_375,CGT,CGT,0.9810645848898527,0.988351169618335,10436.0,10559.0
2,DNMT3A c.2644C>T,CGGCT,CGGCT,0.9810645848898527,0.9849077697037452,1762.0,1789.0
56,GATA2 c.1192C>T,GGT,GGT,0.9810646330903435,0.9810329734461628,3362.0,3427.0
59,RUNX1 c.1103dupC,CGGGCC,CGGGCC,0.9810645848898527,0.9845266434718916,10753.0,10922.0
23,TP53 c.78delT,GAAGTAGTT,GAAGTAGTT,0.9810645848898527,0.8889970788704966,913.0,1027.0
53,PTPN11 c.1508G>A,TCCC,TCCC,0.9810646330903435,0.9845722300140253,2808.0,2852.0
0,JAK2 c.1849G>T,CAC,CAC,0.9810645848898527,0.5003778617470549,11256.0,22495.0
6,JAK2 c.3187_3189,TACGC,TACGC,0.9810645848898527,0.9242493696997479,8065.0,8726.0
13,NRAS c.35G>A,ACCT,ACCT,0.9810645848898527,0.9813965790865808,11131.0,11342.0
15,IDH1 c.395G>A,ACGA,ACGA,0.9810645848898527,0.9869693148381673,2348.0,2379.0
18,SH2B3 c.894G>A,TCCA,TCCA,0.9810645848898527,0.9657720731232984,9932.0,10284.0
21,TP53 c.830G>A,GGACA,GGACA,0.9810645848898527,0.9941520467836257,2380.0,2394.0
22,NFE2 c.817C>T,CGT,CGT,0.9810645848898527,0.9673550966022652,2904.0,3002.0
26,TET2 c.685dupA,GTT,GTT,0.9810646330903435,0.8493100275988961,4616.0,5435.0
27,TET2 c.5618T>C,AAT,AAT,0.9810646330903435,0.9838312829525483,2799.0,2845.0
33,TET2 c.4249G>T,ACGT,ACGT,0.9810645848898527,0.9861616897305171,5416.0,5492.0
31,TET2 c.4546C>T,CGCAAA,CGCAAA,0.9810645848898527,0.873945914510032,6011.0,6878.0
36,TP53 c.321C>G,CGT,CGT,0.9810645848898527,0.9814531965961161,8996.0,9166.0
45,SF3B1 c.2098A>G,CTTCCT,CTTTCT,0.002472125039396936,0.012242268041237113,323.0,26384.0
93,TP53 c.919_920,GC,GC,0.9810646330903435,0.9858802948894164,7890.0,8003.0
94,ASXL1 c.2081_2099dup_1,,,0.9810960673050817,0.9791666666666666,5076.0,5184.0
20,ZRSR2 c.884G>C,GTCGT,GTCGT,0.9810645848898527,0.98421871527006,4428.0,4499.0
34,ASXL1 c.4183C>G,CCAGT,CCAGT,0.9810645848898527,0.9889540904383846,2865.0,2897.0
37,TET2 c.3218G>A,GTTC,GTTC,0.9810645848898527,0.9851516098780869,6303.0,6398.0
12,IDH2 c.419G>A,CCGGAT,CCGGAT,0.9810645848898527,0.976003870343493,10087.0,10335.0
47,SF3B1 c.1998G>T,ATCT,ATCT,0.9810645848898527,0.9477491961414791,3537.0,3732.0
0,JAK2 c.1849G>T,AC,CAC,0.0033058749576183166,0.010002222716159146,225.0,22495.0
25,NFE2 c.714_716delinsAA,CGTAGGA,CGTAGG,0.0033671867419323145,0.018064076346284937,53.0,2934.0
29,SETD2 c.4702A>G,TTGC,TTGGC,1.8681748455579722e-05,0.016459354190224904,131.0,7959.0
51,SRSF2 c.161C>T,GAC,GGAC,0.003304870569043036,0.005013068254852393,117.0,23339.0
54,CBL c.1259G>A,TCGC,TCGGC,1.0416487296041751e-05,0.010055205047318612,102.0,10144.0
16,MPL c.1771T>G,TAGT,TAGT,0.9810645848898527,0.9916550764951322,713.0,719.0
10,PPM1D c.1547C>A,GGAGTTGACA,GGAGTTGACA,0.9810645848898527,0.9571734475374732,447.0,467.0
32,EZH2 c.453_455del,ATTTTTTAT,ATTTTTTAT,0.9810645848898527,0.8708333333333333,627.0,720.0
50,ASXL1 c.1636C>T,TGA,TGA,0.9810645848898527,0.9959849435382685,3969.0,3985.0
46,EZH2 c.2064T>A,GATTT,GATTT,0.9810645848898527,0.9870327993897788,1294.0,1311.0
55,ASXL1 c.1249C>T,CGGA,CGGA,0.9810645848898527,0.9887379927128188,2985.0,3019.0
58,CALR c.1154_1155insTTGTC,ACTT,CCTT,0.0024721448720532633,0.0007235996869323803,49.0,67717.0
5,TP53 c.731G>A,GCCGCC,GCCGCC,0.9810645848898527,0.9397590361445783,780.0,830.0
58,CALR c.1154_1155insTTGTC,CCTA,CCTT,0.0024721534072314534,8.860404329784249e-05,6.0,67717.0
36,TP53 c.321C>G,CAT,CGT,0.002472125039396936,0.010146192450360025,93.0,9166.0
3,ASXL1 c.1934dupG,CCC,CCC,0.9810838578904912,0.9789915966386554,233.0,238.0
42,ASXL1 c.2535del,CTGG,CTGG,0.9810645848898527,0.9943181818181818,350.0,352.0
47,SF3B1 c.1998G>T,ACTT,ATCT,2.836783451736667e-08,0.0037513397642015005,14.0,3732.0
12,IDH2 c.419G>A,CGGAT,CCGGAT,0.003304870569043036,0.010643444605708756,110.0,10335.0
12,IDH2 c.419G>A,CAGGAT,CCGGAT,0.002472125039396936,0.001451378809869376,15.0,10335.0
93,TP53 c.919_920,AC,GC,0.0024721732398877805,0.004498313132575284,36.0,8003.0
0,JAK2 c.1849G>T,CAT,CAC,0.002472125039396936,0.00017781729273171816,4.0,22495.0
36,TP53 c.321C>G,CTT,CGT,0.0024721534072314534,0.0030547676194632336,28.0,9166.0
1,TP53 c.536A>G,ATG,ATG,0.9810645848898527,0.984,1107.0,1125.0
12,IDH2 c.419G>A,CCGAAT,CCGGAT,0.002472125039396936,0.0020319303338171262,21.0,10335.0
14,TP53 c.659A>G,TA,TA,0.9810646330903435,0.992526158445441,664.0,669.0
28,U2AF1 c.470A>C,CTG,ACTG,0.003304870569043036,0.0045570298887548585,68.0,14922.0
19,JAK2 c.892T>C,C,CA,0.004175314739613876,0.0004390866996646974,11.0,25052.0
58,CALR c.1154_1155insTTGTC,CTT,CCTT,0.0033152895578053366,0.011178876796077795,757.0,67717.0
6,JAK2 c.3187_3189,TACCC,TACGC,0.002472125039396936,0.022576209030483612,197.0,8726.0
23,TP53 c.78delT,AAGTAGTT,GAAGTAGTT,0.003304870569043036,0.0029211295034079843,3.0,1027.0
55,ASXL1 c.1249C>T,CAGA,CGGA,0.002472125039396936,0.005631003643590593,17.0,3019.0
58,CALR c.1154_1155insTTGTC,CCCT,CCTT,0.002480055141173112,0.0005463916003366954,37.0,67717.0
4,JAK2 c.839C>T,TGCC,TGAA,,0.0004462293618920125,2.0,4482.0
18,SH2B3 c.894G>A,TCCG,TCCA,0.002472125039396936,0.0016530532866588876,17.0,10284.0
35,TET2 c.4021dupG,CA,GCA,0.0033048755575028044,0.0056645482177397075,41.0,7238.0
13,NRAS c.35G>A,CCT,ACCT,0.003304873070509295,0.0033503791218479984,38.0,11342.0
6,JAK2 c.3187_3189,TCCGC,TACGC,0.002472125039396936,0.00893880357552143,78.0,8726.0
0,JAK2 c.1849G>T,CCC,CAC,0.0024721732398877805,0.004178706379195376,94.0,22495.0
31,TET2 c.4546C>T,GCAAA,CGCAAA,0.003304870569043036,0.0027624309392265192,19.0,6878.0
47,SF3B1 c.1998G>T,ATCA,ATCT,0.002472125039396936,0.005894962486602358,22.0,3732.0
24,JAK2 c.731A>G,GACTTT,GGCTTT,0.002472125039396936,0.00322720784459753,52.0,16113.0
0,JAK2 c.1849G>T,AGC,CAC,2.836783451736667e-08,0.00026672593909757725,6.0,22495.0
41,SETBP1 c.2602G>A,TCGC,TCGC,0.9810645848898527,0.9724366041896362,882.0,907.0
54,CBL c.1259G>A,TTGGC,TCGGC,0.002472125039396936,0.08477917981072555,860.0,10144.0
58,CALR c.1154_1155insTTGTC,T,CCTT,1.2507234819458367e-06,0.00818110666450079,554.0,67717.0
18,SH2B3 c.894G>A,TCCC,TCCA,0.0024721448720532633,0.0032088681446907816,33.0,10284.0
24,JAK2 c.731A>G,GCCTTT,GGCTTT,0.0024721534072314534,0.0017377273009371314,28.0,16113.0
33,TET2 c.4249G>T,CGT,ACGT,0.003304870569043036,0.001820830298616169,10.0,5492.0
18,SH2B3 c.894G>A,TCAA,TCCA,0.0024721534072314534,0.0008751458576429405,9.0,10284.0
23,TP53 c.78delT,GAAGTAGTTT,GAAGTAGTT,0.0033671867419323145,0.0934761441090555,96.0,1027.0
31,TET2 c.4546C>T,CCCAAA,CGCAAA,0.002472125039396936,0.032858389066589125,226.0,6878.0
43,TET2 c.2439_2440insA,CGATT,CGAT,0.0033671867419323145,0.01669626998223801,141.0,8445.0
26,TET2 c.685dupA,GT,GTT,0.004173310123498309,0.08114075436982521,441.0,5435.0
93,TP53 c.919_920,,GC,0.0008338487937497626,0.000749718855429214,6.0,8003.0
48,NFE2 c.190_194del,AGTAAGTC,AGTAAGTT,0.002472125039396936,0.0007220216606498195,5.0,6925.0
34,ASXL1 c.4183C>G,CAGT,CCAGT,0.003304870569043036,0.0006903693476009665,2.0,2897.0
54,CBL c.1259G>A,TCGTC,TCGGC,0.002472125039396936,0.001971608832807571,20.0,10144.0
19,JAK2 c.892T>C,A,CA,0.0033172966609144117,0.0031135238703496725,78.0,25052.0
23,TP53 c.78delT,GAAGTAGTC,GAAGTAGTT,0.002472125039396936,0.0009737098344693282,1.0,1027.0
38,TET2 c.2908dupA,GTTTT,GTT,1.615472745029448e-08,0.0006261740763932373,9.0,14373.0
18,SH2B3 c.894G>A,TCA,TCCA,1.8681748455579722e-05,0.003792298716452742,39.0,10284.0
30,TP53 c.455dupC,GGGCGG,GGGCGG,0.9810645848898527,0.9591836734693877,141.0,147.0
58,CALR c.1154_1155insTTGTC,CCTTGTCCTCTGCCTC,CCTT,,2.9534681099280832e-05,2.0,67717.0
26,TET2 c.685dupA,GTTT,GTT,0.0033718935883874468,0.04305427782888684,234.0,5435.0
91,TP53 c.373_375,GT,CGT,0.0033048755575028044,0.0022729425134955963,24.0,10559.0
35,TET2 c.4021dupG,GCG,GCA,0.002472125039396936,0.001519756838905775,11.0,7238.0
22,NFE2 c.817C>T,,CGT,3.0187798631129833e-06,0.006329113924050633,19.0,3002.0
24,JAK2 c.731A>G,GCTTT,GGCTTT,0.003304870569043036,0.003661639669831813,59.0,16113.0
13,NRAS c.35G>A,AACT,ACCT,0.0024721448720532633,0.0007935108446482102,9.0,11342.0
47,SF3B1 c.1998G>T,ACT,ATCT,8.26774815304775e-06,0.01232583065380493,46.0,3732.0
54,CBL c.1259G>A,ACGGC,TCGGC,0.002472125039396936,0.0009858044164037854,10.0,10144.0
45,SF3B1 c.2098A>G,CTTCT,CTTTCT,8.265261159537971e-06,0.006329593693147362,167.0,26384.0
35,TET2 c.4021dupG,GCC,GCA,0.0024721448720532633,0.0023487151146725613,17.0,7238.0
5,TP53 c.731G>A,CCGCC,GCCGCC,0.003304870569043036,0.01566265060240964,13.0,830.0
18,SH2B3 c.894G>A,,TCCA,1.5744701285354722e-07,0.005542590431738623,57.0,10284.0
58,CALR c.1154_1155insTTGTC,CGGCTGATCCTGTATCACT,CCTT,,7.383670274820208e-05,5.0,67717.0
0,JAK2 c.1849G>T,C,CAC,0.0008198538170710456,0.0037341631473660816,84.0,22495.0
52,SH2B3 c.1527del,AGCC,GAGCC,0.003304870569043036,0.004696171908353494,33.0,7027.0
9,ASXL1 c.1815C>A,GGCA,GGCA,0.9810645848898527,0.9375,105.0,112.0
19,JAK2 c.892T>C,CC,CA,0.002480083509007629,0.0030336899249560913,76.0,25052.0
31,TET2 c.4546C>T,CGTAAA,CGCAAA,0.002472125039396936,0.0018900843268391974,13.0,6878.0
54,CBL c.1259G>A,TCGAC,TCGGC,0.002472125039396936,0.0077878548895899055,79.0,10144.0
58,CALR c.1154_1155insTTGTC,CCTCATCCTCATCTTTGTCCTCATCATCCTCCTT,CCTT,,0.004592642910938169,311.0,67717.0
59,RUNX1 c.1103dupC,CGAGCC,CGGGCC,0.002472125039396936,0.0019227247756821095,21.0,10922.0
18,SH2B3 c.894G>A,TCCAA,TCCA,0.0033671867419323145,0.0029171528588098016,30.0,10284.0
29,SETD2 c.4702A>G,TTGAC,TTGGC,0.002472125039396936,0.007538635506973238,60.0,7959.0
28,U2AF1 c.470A>C,ACAA,ACTG,,0.0002680605816914623,4.0,14922.0
43,TET2 c.2439_2440insA,CAAT,CGAT,0.002472125039396936,0.005802249851983422,49.0,8445.0
6,JAK2 c.3187_3189,TAGC,TACGC,,0.0033234013293605316,29.0,8726.0
54,CBL c.1259G>A,CGGC,TCGGC,0.003304870569043036,0.002858832807570978,29.0,10144.0
51,SRSF2 c.161C>T,GGCC,GGAC,0.0024721534072314534,0.00021423368610480313,5.0,23339.0
58,CALR c.1154_1155insTTGTC,CCTCATCCTCATCTTT,CCTT,,0.0005906936219856166,40.0,67717.0
0,JAK2 c.1849G>T,CC,CAC,2.069135303091444e-05,0.0018226272505001112,41.0,22495.0
25,NFE2 c.714_716delinsAA,CATAGG,CGTAGG,0.002472125039396936,0.017041581458759374,50.0,2934.0
52,SH2B3 c.1527del,GAGCCC,GAGCC,0.0033671867419323145,0.0005692329585883023,4.0,7027.0
13,NRAS c.35G>A,ACCC,ACCT,0.0024721448720532633,0.00035267148651031563,4.0,11342.0
48,NFE2 c.190_194del,CGTAAGTT,AGTAAGTT,0.002472125039396936,0.0010108303249097472,7.0,6925.0
33,TET2 c.4249G>T,CCGT,ACGT,0.002472125039396936,0.001820830298616169,10.0,5492.0
58,CALR c.1154_1155insTTGTC,CCTCATCGTCATCTTTGTCCTCATCATCCTCCTT,CCTT,,1.4767340549640416e-05,1.0,67717.0
24,JAK2 c.731A>G,GTGCTTT,GGCTTT,4.706846455132084e-06,0.0001861850679575498,3.0,16113.0
22,NFE2 c.817C>T,CAT,CGT,0.002472125039396936,0.01798800799467022,54.0,3002.0
24,JAK2 c.731A>G,CTTT,GGCTTT,0.00029360887694812653,0.0001861850679575498,3.0,16113.0
58,CALR c.1154_1155insTTGTC,GTATCACT,CCTT,,0.00025104478934388704,17.0,67717.0
58,CALR c.1154_1155insTTGTC,CCTC,CCTT,0.0024721534072314534,0.0029091660882791617,197.0,67717.0
45,SF3B1 c.2098A>G,GTTTCT,CTTTCT,0.002472125039396936,0.00011370527592480291,3.0,26384.0
20,ZRSR2 c.884G>C,ATCGT,GTCGT,0.002472125039396936,0.005334518781951545,24.0,4499.0
28,U2AF1 c.470A>C,AATG,ACTG,0.002472125039396936,0.00046910601796005895,7.0,14922.0
18,SH2B3 c.894G>A,CCCA,TCCA,0.0024721534072314534,0.0033061065733177753,34.0,10284.0
27,TET2 c.5618T>C,AT,AAT,0.003315292044798846,0.00421792618629174,12.0,2845.0
28,U2AF1 c.470A>C,ACCG,ACTG,0.002472125039396936,0.0002680605816914623,4.0,14922.0
53,PTPN11 c.1508G>A,TCCA,TCCC,0.0024721534072314534,0.0003506311360448808,1.0,2852.0
20,ZRSR2 c.884G>C,GCCGT,GTCGT,0.002472125039396936,0.004445432318292954,20.0,4499.0
54,CBL c.1259G>A,TCGCC,TCGGC,0.002472125039396936,0.001774447949526814,18.0,10144.0
58,CALR c.1154_1155insTTGTC,CCTG,CCTT,0.0024721534072314534,0.00013290606494676372,9.0,67717.0
6,JAK2 c.3187_3189,TATGC,TACGC,0.002472125039396936,0.0005730002292000917,5.0,8726.0
17,PPM1D c.1636_1639,ATCAGG,ATCAGG,0.9810645848898527,0.989010989010989,90.0,91.0
12,IDH2 c.419G>A,CCAGAT,CCGGAT,0.002472125039396936,0.002805999032414127,29.0,10335.0
59,RUNX1 c.1103dupC,CAGGCC,CGGGCC,0.002472125039396936,0.0016480498077275224,18.0,10922.0
6,JAK2 c.3187_3189,TACAC,TACGC,0.002472125039396936,0.010772404308961724,94.0,8726.0
94,ASXL1 c.2081_2099dup_1,T,,0.005235102114356561,0.013695987654320988,71.0,5184.0
59,RUNX1 c.1103dupC,CGGCC,CGGGCC,1.8681748455579722e-05,0.0028383080021973997,31.0,10922.0
28,U2AF1 c.470A>C,ACAG,ACTG,0.002472125039396936,0.0014743331993030426,22.0,14922.0
1,TP53 c.536A>G,TTG,ATG,0.0024721534072314534,0.0035555555555555557,4.0,1125.0
39,TET2 c.2790_2791del,GGCA,GGCA,0.9810645848898527,0.9745762711864406,115.0,118.0
51,SRSF2 c.161C>T,GGAA,GGAC,0.0024721448720532633,0.0006427010583144094,15.0,23339.0
25,NFE2 c.714_716delinsAA,CGTAGA,CGTAGG,0.002472125039396936,0.006816632583503749,20.0,2934.0
43,TET2 c.2439_2440insA,CGAA,CGAT,0.002472125039396936,0.0016577856719952634,14.0,8445.0
54,CBL c.1259G>A,TTGC,TCGGC,,0.0015772870662460567,16.0,10144.0
45,SF3B1 c.2098A>G,CCCTCT,CTTTCT,,3.790175864160097e-05,1.0,26384.0
58,CALR c.1154_1155insTTGTC,CCT,CCTT,0.00417330762203205,0.00032488149209208915,22.0,67717.0
28,U2AF1 c.470A>C,CCTG,ACTG,0.002472125039396936,0.003417772416566144,51.0,14922.0
58,CALR c.1154_1155insTTGTC,CCAT,CCTT,0.0024721448720532633,0.0003839508542906508,26.0,67717.0
48,NFE2 c.190_194del,GTAAGTT,AGTAAGTT,0.003304870569043036,0.0033212996389891695,23.0,6925.0
15,IDH1 c.395G>A,ACAA,ACGA,0.002472125039396936,0.0016813787305590584,4.0,2379.0
5,TP53 c.731G>A,GCCACC,GCCGCC,0.002472125039396936,0.016867469879518072,14.0,830.0
35,TET2 c.4021dupG,ACA,GCA,0.002472125039396936,0.008704061895551257,63.0,7238.0
29,SETD2 c.4702A>G,TTGGT,TTGGC,0.002472125039396936,0.002638522427440633,21.0,7959.0
59,RUNX1 c.1103dupC,GGGCC,CGGGCC,0.003304873070509295,0.0019227247756821095,21.0,10922.0
58,CALR c.1154_1155insTTGTC,TCTT,CCTT,0.0024721448720532633,0.00032488149209208915,22.0,67717.0
52,SH2B3 c.1527del,GAGCA,GAGCC,0.002472125039396936,0.0004269247189412267,3.0,7027.0
89,NFE2 c.113_115,CT,CCT,0.003315292044798846,0.0037946874375873775,19.0,5007.0
15,IDH1 c.395G>A,CCGA,ACGA,0.002472125039396936,0.00546448087431694,13.0,2379.0
45,SF3B1 c.2098A>G,CTTACT,CTTTCT,0.002472125039396936,0.0015918738629472407,42.0,26384.0
53,PTPN11 c.1508G>A,ACCC,TCCC,0.0024721732398877805,0.0010518934081346423,3.0,2852.0
44,ASXL1 c.2407C>T,TCCT,TGCT,0.002472125039396936,0.004156563907170073,24.0,5774.0
45,SF3B1 c.2098A>G,CTTTAT,CTTTCT,0.002472125039396936,7.580351728320194e-05,2.0,26384.0
52,SH2B3 c.1527del,GAACC,GAGCC,0.002472125039396936,0.00128077415682368,9.0,7027.0
58,CALR c.1154_1155insTTGTC,CCTTT,CCTT,0.0033718935883874468,0.00017720808659568498,12.0,67717.0
91,TP53 c.373_375,CAT,CGT,0.002472125039396936,0.008712946301733119,92.0,10559.0
93,TP53 c.919_920,C,GC,0.0033172966609144117,0.007747094839435212,62.0,8003.0
26,TET2 c.685dupA,GTTTT,GTT,1.615472745029448e-08,0.014167433302667893,77.0,5435.0
58,CALR c.1154_1155insTTGTC,C,CCTT,1.775494534570045e-06,0.00023627744879424665,16.0,67717.0
54,CBL c.1259G>A,CCGGC,TCGGC,0.002472125039396936,0.008083596214511041,82.0,10144.0
59,RUNX1 c.1103dupC,CGGACC,CGGGCC,0.002472125039396936,0.005218824391137154,57.0,10922.0
8,ASXL1 c.2245_2246insGG,GGGGT,GGGGAGT,2.0350441590264204e-06,0.0022509848058525606,4.0,1777.0
51,SRSF2 c.161C>T,GGCGC,GGAC,,4.2846737220960625e-05,1.0,23339.0
58,CALR c.1154_1155insTTGTC,CCTTGTCCTCTGC,CCTT,,1.4767340549640416e-05,1.0,67717.0
37,TET2 c.3218G>A,ATTC,GTTC,0.002472125039396936,0.00046889653016567677,3.0,6398.0
12,IDH2 c.419G>A,GGAT,CCGGAT,0.00029360887694812653,0.0012578616352201257,13.0,10335.0
22,NFE2 c.817C>T,AT,CGT,8.270249619306611e-06,0.00033311125916055963,1.0,3002.0
49,KRAS c.173C>T,TTGT,CTGT,0.002472125039396936,0.0007665184730952016,5.0,6523.0
6,JAK2 c.3187_3189,TTCGC,TACGC,0.002472125039396936,0.00034380013752005503,3.0,8726.0
12,IDH2 c.419G>A,CCGGAG,CCGGAT,0.002472125039396936,0.00019351717464925012,2.0,10335.0
46,EZH2 c.2064T>A,GGTTT,GATTT,0.0024721448720532633,0.0007627765064836003,1.0,1311.0
58,CALR c.1154_1155insTTGTC,CGGGTGCCAAGGTCTACAC,CCTT,,1.4767340549640416e-05,1.0,67717.0
38,TET2 c.2908dupA,GCT,GTT,0.0024721448720532633,0.0002782995895081055,4.0,14373.0
58,CALR c.1154_1155insTTGTC,CTTTC,CCTT,8.48476928559279e-06,1.4767340549640416e-05,1.0,67717.0
54,CBL c.1259G>A,TCAGC,TCGGC,0.002472125039396936,0.003943217665615142,40.0,10144.0
36,TP53 c.321C>G,AGT,CGT,0.002472125039396936,0.0002181976871045167,2.0,9166.0
13,NRAS c.35G>A,CCCT,ACCT,0.0024721534072314534,0.004672897196261682,53.0,11342.0
45,SF3B1 c.2098A>G,CTCTCT,CTTTCT,0.002472125039396936,0.00018950879320800486,5.0,26384.0
43,TET2 c.2439_2440insA,AGAC,CGAT,,0.00011841326228537596,1.0,8445.0
56,GATA2 c.1192C>T,GT,GGT,0.003315292044798846,0.004960606944849723,17.0,3427.0
35,TET2 c.4021dupG,CCA,GCA,0.0024721534072314534,0.0029013539651837525,21.0,7238.0
2,DNMT3A c.2644C>T,CGGTT,CGGCT,0.002472125039396936,0.0022358859698155395,4.0,1789.0
20,ZRSR2 c.884G>C,CTCGT,GTCGT,0.002472125039396936,0.0008890864636585908,4.0,4499.0
18,SH2B3 c.894G>A,CA,TCCA,0.00029364370325605783,0.00019447685725398678,2.0,10284.0
49,KRAS c.173C>T,CCGT,CTGT,0.002472125039396936,0.00015330369461904033,1.0,6523.0
56,GATA2 c.1192C>T,GTT,GGT,0.0024834679382593314,0.0002918004085205719,1.0,3427.0
2,DNMT3A c.2644C>T,CGGNT,CGGCT,0.002472125039396936,0.0005589714924538849,1.0,1789.0
58,CALR c.1154_1155insTTGTC,CGTC,CCTT,2.836783451736667e-08,5.9069362198561663e-05,4.0,67717.0
26,TET2 c.685dupA,GAT,GTT,0.0024721448720532633,0.0014719411223551057,8.0,5435.0
13,NRAS c.35G>A,T,ACCT,7.438153402898071e-09,0.004761065067889261,54.0,11342.0
58,CALR c.1154_1155insTTGTC,CCTCATCCTCATCTTTGTCCTCATCATCCTCCTTGTCCTCT,CCTT,,7.383670274820208e-05,5.0,67717.0
26,TET2 c.685dupA,GTC,GTT,0.0024721534072314534,0.0003679852805887764,2.0,5435.0
6,JAK2 c.3187_3189,TACC,TACGC,1.0416487296041751e-05,0.007907403162961265,69.0,8726.0
33,TET2 c.4249G>T,ACAT,ACGT,0.002472125039396936,0.0067370721048798255,37.0,5492.0
44,ASXL1 c.2407C>T,GCT,TGCT,0.003304870569043036,0.0038101835815725666,22.0,5774.0
36,TP53 c.321C>G,GT,CGT,0.0033048755575028044,0.0036002618372245254,33.0,9166.0
24,JAK2 c.731A>G,GGCTTC,GGCTTT,0.002472125039396936,0.00031030844659591636,5.0,16113.0
12,IDH2 c.419G>A,CCGGT,CCGGAT,1.0416487296041751e-05,9.675858732462506e-05,1.0,10335.0
29,SETD2 c.4702A>G,TTGTC,TTGGC,0.002472125039396936,0.001759014951627089,14.0,7959.0
34,ASXL1 c.4183C>G,CCTGT,CCAGT,0.002472125039396936,0.00034518467380048324,1.0,2897.0
59,RUNX1 c.1103dupC,CGGGTC,CGGGCC,0.002472125039396936,0.00018311664530305805,2.0,10922.0
52,SH2B3 c.1527del,GAGC,GAGCC,0.004165039873879004,0.0015653906361178312,11.0,7027.0
28,U2AF1 c.470A>C,ACTT,ACTG,0.002472125039396936,0.00033507572711432784,5.0,14922.0
24,JAK2 c.731A>G,TACTTT,GGCTTT,,6.206168931918326e-05,1.0,16113.0
28,U2AF1 c.470A>C,CAG,ACTG,8.26774815304775e-06,6.701514542286557e-05,1.0,14922.0
12,IDH2 c.419G>A,ACGGAT,CCGGAT,0.002472125039396936,0.00029027576197387516,3.0,10335.0
51,SRSF2 c.161C>T,GGAN,GGAC,0.002472125039396936,8.569347444192125e-05,2.0,23339.0
58,CALR c.1154_1155insTTGTC,CCTTGTCCTCTGCCTCCTCCTCCTCTTTGACGCGGTTAGT,CCTT,,1.4767340549640416e-05,1.0,67717.0
58,CALR c.1154_1155insTTGTC,CCTCTTCCTCATCTTTGTCCTCATCATCCTCCTT,CCTT,,0.0006792976652834591,46.0,67717.0
29,SETD2 c.4702A>G,ATGGC,TTGGC,0.002472125039396936,0.001759014951627089,14.0,7959.0
58,CALR c.1154_1155insTTGTC,,CCTT,1.574470128535472e-07,0.00022151010824460622,15.0,67717.0
31,TET2 c.4546C>T,CGAAAA,CGCAAA,0.002472125039396936,0.001308519918580983,9.0,6878.0
58,CALR c.1154_1155insTTGTC,CCGT,CCTT,0.0024721448720532633,0.00025104478934388704,17.0,67717.0
58,CALR c.1154_1155insTTGTC,CGTT,CCTT,0.0024721534072314534,5.9069362198561663e-05,4.0,67717.0
6,JAK2 c.3187_3189,TCGC,TACGC,8.265261159537971e-06,0.0035526014210405686,31.0,8726.0
35,TET2 c.4021dupG,TCA,GCA,0.002472125039396936,0.0005526388505111909,4.0,7238.0
28,U2AF1 c.470A>C,ATG,ACTG,8.265261159537971e-06,0.0002010454362685967,3.0,14922.0
56,GATA2 c.1192C>T,AGT,GGT,0.0024721448720532633,0.005836008170411439,20.0,3427.0
44,ASXL1 c.2407C>T,TACT,TGCT,0.002472125039396936,0.0032906130931763078,19.0,5774.0
27,TET2 c.5618T>C,TAT,AAT,0.0024721448720532633,0.00070298769771529,2.0,2845.0
34,ASXL1 c.4183C>G,CCCGT,CCAGT,0.002472125039396936,0.001380738695201933,4.0,2897.0
58,CALR c.1154_1155insTTGTC,CCTCGTCCTCATCTTTGTCCTCATCATCCTCCTT,CCTT,,5.9069362198561663e-05,4.0,67717.0
45,SF3B1 c.2098A>G,TTTCT,CTTTCT,0.003304870569043036,0.0016676773802304426,44.0,26384.0
22,NFE2 c.817C>T,GT,CGT,0.0033048755575028044,0.005996002664890073,18.0,3002.0
22,NFE2 c.817C>T,CCGT,CGT,0.0018679153724242465,0.00033311125916055963,1.0,3002.0
25,NFE2 c.714_716delinsAA,CGTAGT,CGTAGG,0.002472125039396936,0.003749147920927062,11.0,2934.0
25,NFE2 c.714_716delinsAA,GTAGG,CGTAGG,0.003304870569043036,0.004430811179277437,13.0,2934.0
29,SETD2 c.4702A>G,TTGCC,TTGGC,0.0024721534072314534,0.006784771956275914,54.0,7959.0
56,GATA2 c.1192C>T,GAT,GGT,0.0024721534072314534,0.005252407353370295,18.0,3427.0
31,TET2 c.4546C>T,CGCCAC,CGCAAA,,0.0002907822041291073,2.0,6878.0
51,SRSF2 c.161C>T,GGAG,GGAC,0.002472125039396936,8.569347444192125e-05,2.0,23339.0
58,CALR c.1154_1155insTTGTC,CCTN,CCTT,0.0024721534072314534,5.9069362198561663e-05,4.0,67717.0
47,SF3B1 c.1998G>T,ATCCT,ATCT,8.48476928559279e-06,0.0008038585209003215,3.0,3732.0
53,PTPN11 c.1508G>A,CCC,TCCC,0.0033162972607988996,0.0038569424964936885,11.0,2852.0
6,JAK2 c.3187_3189,TACGA,TACGC,0.002472125039396936,0.00011460004584001834,1.0,8726.0
8,ASXL1 c.2245_2246insGG,GGGAGT,GGGGAGT,0.003304870569043036,0.006752954417557681,12.0,1777.0
18,SH2B3 c.894G>A,TCCAT,TCCA,0.0033671867419323145,0.0021392454297938547,22.0,10284.0
43,TET2 c.2439_2440insA,T,CGAT,7.438153402898071e-09,0.0008288928359976317,7.0,8445.0
37,TET2 c.3218G>A,TTC,GTTC,0.003304873070509295,0.004688965301656768,30.0,6398.0
54,CBL c.1259G>A,TCCGC,TCGGC,0.002472125039396936,0.00029574132492113565,3.0,10144.0
20,ZRSR2 c.884G>C,TCGT,GTCGT,0.003304870569043036,0.0017781729273171815,8.0,4499.0
50,ASXL1 c.1636C>T,TGC,TGA,0.002472125039396936,0.0017565872020075283,7.0,3985.0
25,NFE2 c.714_716delinsAA,CGTCGG,CGTAGG,0.002472125039396936,0.0023858214042263124,7.0,2934.0
6,JAK2 c.3187_3189,AACGC,TACGC,0.002472125039396936,0.0009168003667201467,8.0,8726.0
29,SETD2 c.4702A>G,TTGG,TTGGC,0.004165042360872513,0.0008795074758135445,7.0,7959.0
58,CALR c.1154_1155insTTGTC,CCTCATCCTCATCTTTGTCCTCATCAT,CCTT,,1.4767340549640416e-05,1.0,67717.0
37,TET2 c.3218G>A,GTC,GTTC,1.8681748455579722e-05,0.004220068771491091,27.0,6398.0
58,CALR c.1154_1155insTTGTC,GTCCTCTTCCTCTT,CCTT,,2.9534681099280832e-05,2.0,67717.0
58,CALR c.1154_1155insTTGTC,TTGCCC,CCTT,,7.383670274820208e-05,5.0,67717.0
28,U2AF1 c.470A>C,G,ACTG,7.438153402898071e-09,0.00013403029084573114,2.0,14922.0
31,TET2 c.4546C>T,CACAAA,CGCAAA,0.002472125039396936,0.004070950857807502,28.0,6878.0
49,KRAS c.173C>T,TGT,CTGT,0.0033048730560365455,0.0032193775869998466,21.0,6523.0
51,SRSF2 c.161C>T,GGC,GGAC,1.86842354490895e-05,0.00029992716054672437,7.0,23339.0
8,ASXL1 c.2245_2246insGG,GGAGCAT,GGGGAGT,,0.0005627462014631402,1.0,1777.0
43,TET2 c.2439_2440insA,CGAC,CGAT,0.002472125039396936,0.0009473060982830077,8.0,8445.0
0,JAK2 c.1849G>T,ACC,CAC,1.1362731518723131e-05,0.0008446321404756613,19.0,22495.0
37,TET2 c.3218G>A,ACTC,GTTC,,0.00015629884338855892,1.0,6398.0
12,IDH2 c.419G>A,CGGGAT,CCGGAT,0.002472125039396936,0.0007740686985970005,8.0,10335.0
52,SH2B3 c.1527del,GAGCT,GAGCC,0.002472125039396936,0.00028461647929415115,2.0,7027.0
58,CALR c.1154_1155insTTGTC,CCTCATCCTCATCCTCCTCCTT,CCTT,,1.4767340549640416e-05,1.0,67717.0
58,CALR c.1154_1155insTTGTC,CATT,CCTT,0.0024721534072314534,0.00044302021648921243,30.0,67717.0
24,JAK2 c.731A>G,GGTTTT,GGCTTT,0.0024721534072314534,0.0001861850679575498,3.0,16113.0
58,CALR c.1154_1155insTTGTC,CTCATCCTCATCTTTGTCCTCATCATCCTCCTT,CCTT,,0.0002805794704431679,19.0,67717.0
58,CALR c.1154_1155insTTGTC,CCTTGTCCTATGCCTCCTCCTCCTCTTTGACGCGGTT,CCTT,,1.4767340549640416e-05,1.0,67717.0
12,IDH2 c.419G>A,CCAT,CCGGAT,,0.00038703434929850025,4.0,10335.0
25,NFE2 c.714_716delinsAA,CGTAAG,CGTAGG,0.002472125039396936,0.0013633265167007499,4.0,2934.0
58,CALR c.1154_1155insTTGTC,CCTTG,CCTT,0.0033671867419323145,4.4302021648921246e-05,3.0,67717.0
36,TP53 c.321C>G,C,CGT,0.00052697376811642,0.0002181976871045167,2.0,9166.0
0,JAK2 c.1849G>T,AACC,CAC,8.48476928559279e-06,8.890864636585908e-05,2.0,22495.0
18,SH2B3 c.894G>A,TCCT,TCCA,0.002472125039396936,0.004278490859587709,44.0,10284.0
47,SF3B1 c.1998G>T,AACT,ATCT,0.002472125039396936,0.0008038585209003215,3.0,3732.0
27,TET2 c.5618T>C,GAT,AAT,0.0024721448720532633,0.002460456942003515,7.0,2845.0
43,TET2 c.2439_2440insA,GAT,CGAT,0.003304870569043036,0.002368265245707519,20.0,8445.0
26,TET2 c.685dupA,GTTTTT,GTT,,0.0044158233670653175,24.0,5435.0
48,NFE2 c.190_194del,AGTAAATT,AGTAAGTT,0.002472125039396936,0.001444043321299639,10.0,6925.0
24,JAK2 c.731A>G,AGCTTT,GGCTTT,0.002472125039396936,0.0004964935145534661,8.0,16113.0
37,TET2 c.3218G>A,GCTT,GTTC,1.983265632723127e-08,0.00015629884338855892,1.0,6398.0
49,KRAS c.173C>T,CTAT,CTGT,0.002472125039396936,0.0016863406408094434,11.0,6523.0
19,JAK2 c.892T>C,,CA,0.0008338487937497626,0.0006785885358454415,17.0,25052.0
46,EZH2 c.2064T>A,TATTT,GATTT,0.002472125039396936,0.0007627765064836003,1.0,1311.0
47,SF3B1 c.1998G>T,GTCT,ATCT,0.002472125039396936,0.0010718113612004287,4.0,3732.0
37,TET2 c.3218G>A,GTCC,GTTC,0.0024721534072314534,0.0017192872772741482,11.0,6398.0
43,TET2 c.2439_2440insA,CGATTT,CGAT,,0.0020130254588513912,17.0,8445.0
51,SRSF2 c.161C>T,GGAT,GGAC,0.002472125039396936,0.00025708042332576374,6.0,23339.0
58,CALR c.1154_1155insTTGTC,TATC,CCTT,,1.4767340549640416e-05,1.0,67717.0
58,CALR c.1154_1155insTTGTC,TT,CCTT,0.00029364370325605783,4.4302021648921246e-05,3.0,67717.0
45,SF3B1 c.2098A>G,CTATCT,CTTTCT,0.002472125039396936,0.00026531231049120677,7.0,26384.0
58,CALR c.1154_1155insTTGTC,CCTTGTCCTCT,CCTT,,5.9069362198561663e-05,4.0,67717.0
27,TET2 c.5618T>C,ACT,AAT,0.0024721534072314534,0.0017574692442882249,5.0,2845.0
38,TET2 c.2908dupA,ATT,GTT,0.0024721732398877805,0.0011827732554094482,17.0,14373.0
55,ASXL1 c.1249C>T,TGGA,CGGA,0.002472125039396936,0.0003312355084465055,1.0,3019.0
52,SH2B3 c.1527del,GAGTC,GAGCC,0.002472125039396936,0.0037000142308239647,26.0,7027.0
45,SF3B1 c.2098A>G,CTTTTT,CTTTCT,0.002472125039396936,0.0006822316555488174,18.0,26384.0
4,JAK2 c.839C>T,TGA,TGAA,0.004165039873879004,0.0004462293618920125,2.0,4482.0
24,JAK2 c.731A>G,GGCTAT,GGCTTT,0.002472125039396936,0.00024824675727673306,4.0,16113.0
48,NFE2 c.190_194del,AGTAGGTT,AGTAAGTT,0.002472125039396936,0.002454873646209386,17.0,6925.0
31,TET2 c.4546C>T,CCCAAAA,CGCAAA,8.48476928559279e-06,0.002617039837161966,18.0,6878.0
58,CALR c.1154_1155insTTGTC,TCTTTTT,CCTT,,2.9534681099280832e-05,2.0,67717.0
28,U2AF1 c.470A>C,ACAT,ACTG,,6.701514542286557e-05,1.0,14922.0
31,TET2 c.4546C>T,CGCCAA,CGCAAA,0.002472125039396936,0.0017446932247746438,12.0,6878.0
28,U2AF1 c.470A>C,ATTG,ACTG,0.002472125039396936,0.0005361211633829246,8.0,14922.0
26,TET2 c.685dupA,GTTTTTT,GTT,,0.0007359705611775528,4.0,5435.0
32,EZH2 c.453_455del,ATTTTTTATTAT,ATTTTTTAT,,0.018055555555555554,13.0,720.0
94,ASXL1 c.2081_2099dup_1,TGT,,,0.007137345679012345,37.0,5184.0
49,KRAS c.173C>T,CTTTT,CTGT,8.48476928559279e-06,0.00030660738923808065,2.0,6523.0
13,NRAS c.35G>A,ACGT,ACCT,0.002472125039396936,0.0012343502027861047,14.0,11342.0
90,TP53 c.376-2A>G,CTG,CTG,0.9810645848898527,1.0,14.0,14.0
20,ZRSR2 c.884G>C,GACGT,GTCGT,0.002472125039396936,0.0008890864636585908,4.0,4499.0
58,CALR c.1154_1155insTTGTC,CTTT,CCTT,0.0024834679382593314,0.0005316242597870549,36.0,67717.0
6,JAK2 c.3187_3189,TACTC,TACGC,0.002472125039396936,0.00045840018336007336,4.0,8726.0
60,SH2B3 c.1033G>A,CCCCCCA,CCCCCCA,0.9810646330903435,1.0,52.0,52.0
33,TET2 c.4249G>T,ACCT,ACGT,0.002472125039396936,0.0005462490895848507,3.0,5492.0
43,TET2 c.2439_2440insA,AGAT,CGAT,0.002472125039396936,0.0009473060982830077,8.0,8445.0
47,SF3B1 c.1998G>T,ATCTTAT,ATCT,,0.0005359056806002144,2.0,3732.0
5,TP53 c.731G>A,GCCCC,GCCGCC,1.0416487296041751e-05,0.006024096385542169,5.0,830.0
43,TET2 c.2439_2440insA,CGT,CGAT,1.0416487296041751e-05,0.0010657193605683837,9.0,8445.0
47,SF3B1 c.1998G>T,AAT,ATCT,1.0018871090229843e-06,0.003215434083601286,12.0,3732.0
48,NFE2 c.190_194del,AGTCAGTT,AGTAAGTT,0.002472125039396936,0.001588447653429603,11.0,6925.0
58,CALR c.1154_1155insTTGTC,CAT,CCTT,1.8681748455579722e-05,4.4302021648921246e-05,3.0,67717.0
58,CALR c.1154_1155insTTGTC,CCTTC,CCTT,0.0033671867419323145,2.9534681099280832e-05,2.0,67717.0
51,SRSF2 c.161C>T,GGGC,GGAC,0.0024721448720532633,0.00038562063498864563,9.0,23339.0
34,ASXL1 c.4183C>G,CCAAT,CCAGT,0.002472125039396936,0.0031066620642043494,9.0,2897.0
44,ASXL1 c.2407C>T,T,TGCT,7.438153402898071e-09,0.00017319016279875303,1.0,5774.0
58,CALR c.1154_1155insTTGTC,CCGC,CCTT,,2.9534681099280832e-05,2.0,67717.0
47,SF3B1 c.1998G>T,AT,ATCT,0.0005269389418084886,0.001607717041800643,6.0,3732.0
28,U2AF1 c.470A>C,ACTC,ACTG,0.002472125039396936,0.00013403029084573114,2.0,14922.0
58,CALR c.1154_1155insTTGTC,CCTCATCCTCATCTTTGTCCTCATCCTCCTCCTT,CCTT,,2.9534681099280832e-05,2.0,67717.0
54,CBL c.1259G>A,TCGT,TCGGC,1.0416487296041751e-05,9.858044164037855e-05,1.0,10144.0
1,TP53 c.536A>G,TG,ATG,0.0033048755575028044,0.0035555555555555557,4.0,1125.0
44,ASXL1 c.2407C>T,CGCT,TGCT,0.002472125039396936,0.00017319016279875303,1.0,5774.0
45,SF3B1 c.2098A>G,CTCCCT,CTTTCT,,3.790175864160097e-05,1.0,26384.0
25,NFE2 c.714_716delinsAA,AGTAGG,CGTAGG,0.002472125039396936,0.0054533060668029995,16.0,2934.0
43,TET2 c.2439_2440insA,CGAG,CGAT,0.002472125039396936,0.00035523978685612787,3.0,8445.0
0,JAK2 c.1849G>T,AAT,CAC,2.836783451736667e-08,8.890864636585908e-05,2.0,22495.0
34,ASXL1 c.4183C>G,CCCTT,CCAGT,,0.00034518467380048324,1.0,2897.0
1,TP53 c.536A>G,CTG,ATG,0.002472125039396936,0.0008888888888888889,1.0,1125.0
13,NRAS c.35G>A,TCCT,ACCT,0.002472125039396936,0.0007053429730206313,8.0,11342.0
58,CALR c.1154_1155insTTGTC,CCTTGTGATTATGTTTTGACC,CCTT,,2.9534681099280832e-05,2.0,67717.0
47,SF3B1 c.1998G>T,TCT,ATCT,0.0033048730560365455,0.0037513397642015005,14.0,3732.0
58,CALR c.1154_1155insTTGTC,CCTTGTCCTCTGCCTCCTT,CCTT,,2.9534681099280832e-05,2.0,67717.0
18,SH2B3 c.894G>A,CCA,TCCA,0.003304873070509295,0.004472967716841696,46.0,10284.0
27,TET2 c.5618T>C,CAT,AAT,0.0024721448720532633,0.000351493848857645,1.0,2845.0
28,U2AF1 c.470A>C,ACT,ACTG,0.004165039873879003,0.00013403029084573114,2.0,14922.0
55,ASXL1 c.1249C>T,CGGC,CGGA,0.002472125039396936,0.001987413050679033,6.0,3019.0
13,NRAS c.35G>A,GCCT,ACCT,0.002472125039396936,0.0011461823311585259,13.0,11342.0
31,TET2 c.4546C>T,TGCAAA,CGCAAA,0.002472125039396936,0.00014539110206455364,1.0,6878.0
6,JAK2 c.3187_3189,TCC,TACGC,1.306216165525791e-06,0.005959202383680954,52.0,8726.0
55,ASXL1 c.1249C>T,CGAA,CGGA,0.0024721534072314534,0.001987413050679033,6.0,3019.0
4,JAK2 c.839C>T,GAA,TGAA,0.003304873070509295,0.002008032128514056,9.0,4482.0
58,CALR c.1154_1155insTTGTC,CT,CCTT,1.6064847145674825e-05,2.9534681099280832e-05,2.0,67717.0
24,JAK2 c.731A>G,GACTAT,GGCTTT,,0.00012412337863836653,2.0,16113.0
49,KRAS c.173C>T,CTTT,CTGT,0.002472125039396936,0.000459911083857121,3.0,6523.0
0,JAK2 c.1849G>T,AAA,CAC,4.820049084459794e-08,8.890864636585908e-05,2.0,22495.0
0,JAK2 c.1849G>T,CGC,CAC,0.002472125039396936,0.0006223605245610135,14.0,22495.0
16,MPL c.1771T>G,TAAT,TAGT,0.002472125039396936,0.004172461752433936,3.0,719.0
6,JAK2 c.3187_3189,TCCTC,TACGC,,0.00011460004584001834,1.0,8726.0
21,TP53 c.830G>A,GGACC,GGACA,0.002472125039396936,0.0012531328320802004,3.0,2394.0
14,TP53 c.659A>G,T,TA,0.004175314739613876,0.0029895366218236174,2.0,669.0
58,CALR c.1154_1155insTTGTC,CCCC,CCTT,1.983265632723127e-08,5.9069362198561663e-05,4.0,67717.0
32,EZH2 c.453_455del,ATTTTTCTT,ATTTTTTAT,,0.001388888888888889,1.0,720.0
52,SH2B3 c.1527del,GTGCC,GAGCC,0.002472125039396936,0.00028461647929415115,2.0,7027.0
2,DNMT3A c.2644C>T,CGGGT,CGGCT,0.002472125039396936,0.0011179429849077697,2.0,1789.0
19,JAK2 c.892T>C,CG,CA,0.0024721732398877805,0.0005987545904518601,15.0,25052.0
47,SF3B1 c.1998G>T,ATCTT,ATCT,0.0033671867419323145,0.009378349410503752,35.0,3732.0
46,EZH2 c.2064T>A,AATTT,GATTT,0.0024721534072314534,0.0030511060259344014,4.0,1311.0
32,EZH2 c.453_455del,ATTTATTATT,ATTTTTTAT,8.48476928559279e-06,0.006944444444444444,5.0,720.0
26,TET2 c.685dupA,G,GTT,0.00052697376811642,0.0014719411223551057,8.0,5435.0
58,CALR c.1154_1155insTTGTC,CC,CCTT,0.0005262449401229193,8.860404329784249e-05,6.0,67717.0
58,CALR c.1154_1155insTTGTC,CTTCCTCTGT,CCTT,,0.00014767340549640416,10.0,67717.0
41,SETBP1 c.2602G>A,CGC,TCGC,0.0033048730560365455,0.002205071664829107,2.0,907.0
29,SETD2 c.4702A>G,TGGC,TTGGC,0.003304870569043036,0.00201030280185953,16.0,7959.0
43,TET2 c.2439_2440insA,CGCT,CGAT,0.002472125039396936,0.0011841326228537595,10.0,8445.0
29,SETD2 c.4702A>G,TTGGG,TTGGC,0.0024721448720532633,0.0008795074758135445,7.0,7959.0
25,NFE2 c.714_716delinsAA,CGTGG,CGTAGG,1.0416487296041751e-05,0.0013633265167007499,4.0,2934.0
45,SF3B1 c.2098A>G,TTCCT,CTTTCT,8.267762625796832e-06,0.00011370527592480291,3.0,26384.0
50,ASXL1 c.1636C>T,GA,TGA,0.0033048755575028044,0.0002509410288582183,1.0,3985.0
45,SF3B1 c.2098A>G,ATTTCT,CTTTCT,0.002472125039396936,3.790175864160097e-05,1.0,26384.0
58,CALR c.1154_1155insTTGTC,CTCTCCTCTTCCTCTCCTC,CCTT,,1.4767340549640416e-05,1.0,67717.0
6,JAK2 c.3187_3189,TACGT,TACGC,0.002472125039396936,0.0027504011001604402,24.0,8726.0
33,TET2 c.4249G>T,CGC,ACGT,8.26774815304775e-06,0.0001820830298616169,1.0,5492.0
31,TET2 c.4546C>T,CGCAAC,CGCAAA,0.002472125039396936,0.00043617330619366096,3.0,6878.0
38,TET2 c.2908dupA,TTTT,GTT,1.3191615740724873e-05,6.957489737702637e-05,1.0,14373.0
27,TET2 c.5618T>C,ATT,AAT,0.0024834679382593314,0.00421792618629174,12.0,2845.0
8,ASXL1 c.2245_2246insGG,GGGAAGT,GGGGAGT,0.002472125039396936,0.0011254924029262803,2.0,1777.0
31,TET2 c.4546C>T,CCCAA,CGCAAA,1.0416487296041751e-05,0.0007269555103227683,5.0,6878.0
58,CALR c.1154_1155insTTGTC,ATT,CCTT,8.267762625796832e-06,1.4767340549640416e-05,1.0,67717.0
6,JAK2 c.3187_3189,ACGC,TACGC,0.003304870569043036,0.0033234013293605316,29.0,8726.0
10,PPM1D c.1547C>A,GGAGTTGCCA,GGAGTTGACA,0.002472125039396936,0.021413276231263382,10.0,467.0
53,PTPN11 c.1508G>A,TCAC,TCCC,0.002472125039396936,0.0021037868162692847,6.0,2852.0
4,JAK2 c.839C>T,TGAT,TGAA,0.002472125039396936,0.000892458723784025,4.0,4482.0
51,SRSF2 c.161C>T,GGGGAC,GGAC,,4.2846737220960625e-05,1.0,23339.0
34,ASXL1 c.4183C>G,CCAGTT,CCAGT,0.0033671867419323145,0.00034518467380048324,1.0,2897.0
23,TP53 c.78delT,GCCGTAGTC,GAAGTAGTT,,0.0009737098344693282,1.0,1027.0
41,SETBP1 c.2602G>A,TCCC,TCGC,0.002472125039396936,0.009922822491730982,9.0,907.0
44,ASXL1 c.2407C>T,,TGCT,1.5744701285354717e-07,0.0015587114651887772,9.0,5774.0
46,EZH2 c.2064T>A,GATTA,GATTT,0.002472125039396936,0.002288329519450801,3.0,1311.0
58,CALR c.1154_1155insTTGTC,CCTTTGTGATTATGTTTTGACC,CCTT,,1.4767340549640416e-05,1.0,67717.0
58,CALR c.1154_1155insTTGTC,GGGTCTCCTCGGCGTCGCC,CCTT,,4.4302021648921246e-05,3.0,67717.0
38,TET2 c.2908dupA,GTTC,GTT,0.0033671867419323145,0.0004870242816391846,7.0,14373.0
13,NRAS c.35G>A,ACTT,ACCT,0.0024721534072314534,0.0002645036148827367,3.0,11342.0
12,IDH2 c.419G>A,CCGGAC,CCGGAT,0.002472125039396936,0.00029027576197387516,3.0,10335.0
34,ASXL1 c.4183C>G,CCAGC,CCAGT,0.002472125039396936,0.001380738695201933,4.0,2897.0
53,PTPN11 c.1508G>A,TCC,TCCC,0.004173310123498309,0.004908835904628331,14.0,2852.0
5,TP53 c.731G>A,CCCGCC,GCCGCC,0.002472125039396936,0.01325301204819277,11.0,830.0
24,JAK2 c.731A>G,GGCTCT,GGCTTT,0.002472125039396936,0.0009929870291069322,16.0,16113.0
2,DNMT3A c.2644C>T,CGACT,CGGCT,0.002472125039396936,0.005030743432084964,9.0,1789.0
18,SH2B3 c.894G>A,ACCA,TCCA,0.002472125039396936,0.001264099572150914,13.0,10284.0
47,SF3B1 c.1998G>T,ATCTA,ATCT,0.0033671867419323145,0.0002679528403001072,1.0,3732.0
4,JAK2 c.839C>T,TGAC,TGAA,0.002472125039396936,0.0022311468094600626,10.0,4482.0
58,CALR c.1154_1155insTTGTC,CCGA,CCTT,,1.4767340549640416e-05,1.0,67717.0
23,TP53 c.78delT,GAAGTATT,GAAGTAGTT,1.0416487296041751e-05,0.0019474196689386564,2.0,1027.0
21,TP53 c.830G>A,GACA,GGACA,0.003304870569043036,0.0020885547201336674,5.0,2394.0
58,CALR c.1154_1155insTTGTC,CCTTGTCCTCTGCCTCCTCCTCCTCTTTGCGTTTCTT,CCTT,,4.4302021648921246e-05,3.0,67717.0
0,JAK2 c.1849G>T,AAG,CAC,2.836783451736667e-08,0.00017781729273171816,4.0,22495.0
49,KRAS c.173C>T,GT,CTGT,0.0002949150931136523,0.00030660738923808065,2.0,6523.0
0,JAK2 c.1849G>T,CAAC,CAC,1.3191615740724873e-05,4.445432318292954e-05,1.0,22495.0
58,CALR c.1154_1155insTTGTC,CATCTTCCTCATCTTTGTCCTCATCATCCTCCTT,CCTT,,1.4767340549640416e-05,1.0,67717.0
32,EZH2 c.453_455del,ATTTAT,ATTTTTTAT,,0.004166666666666667,3.0,720.0
43,TET2 c.2439_2440insA,GGAT,CGAT,0.002472125039396936,0.00011841326228537596,1.0,8445.0
12,IDH2 c.419G>A,CCGTAT,CCGGAT,0.002472125039396936,0.00029027576197387516,3.0,10335.0
35,TET2 c.4021dupG,GCAA,GCA,0.0033671867419323145,0.0006907985631389886,5.0,7238.0
38,TET2 c.2908dupA,GT,GTT,0.004173310123498309,6.957489737702637e-05,1.0,14373.0
47,SF3B1 c.1998G>T,ATC,ATCT,0.004165042375345262,0.0002679528403001072,1.0,3732.0
49,KRAS c.173C>T,ATGT,CTGT,0.002472125039396936,0.0006132147784761613,4.0,6523.0
1,TP53 c.536A>G,AT,ATG,0.004165044862338771,0.0008888888888888889,1.0,1125.0
58,CALR c.1154_1155insTTGTC,TCTTC,CCTT,8.48476928559279e-06,1.4767340549640416e-05,1.0,67717.0
58,CALR c.1154_1155insTTGTC,GCT,CCTT,1.041897428955153e-05,1.4767340549640416e-05,1.0,67717.0
28,U2AF1 c.470A>C,ACTA,ACTG,0.002472125039396936,0.00033507572711432784,5.0,14922.0
15,IDH1 c.395G>A,ACGC,ACGA,0.002472125039396936,0.002101723413198823,5.0,2379.0
47,SF3B1 c.1998G>T,ACCTTAT,ATCT,,0.0002679528403001072,1.0,3732.0
28,U2AF1 c.470A>C,GCTG,ACTG,0.002472125039396936,0.0007371665996515213,11.0,14922.0
45,SF3B1 c.2098A>G,CATTCT,CTTTCT,0.002472125039396936,0.00015160703456640388,4.0,26384.0
51,SRSF2 c.161C>T,GAAC,GGAC,0.0024721534072314534,0.00038562063498864563,9.0,23339.0
48,NFE2 c.190_194del,AGTAAGAT,AGTAAGTT,0.002472125039396936,0.0004332129963898917,3.0,6925.0
32,EZH2 c.453_455del,ATTTTTTTTT,ATTTTTTAT,8.48476928559279e-06,0.001388888888888889,1.0,720.0
38,TET2 c.2908dupA,TTT,GTT,0.0024834877709156585,0.0010436234606553956,15.0,14373.0
45,SF3B1 c.2098A>G,CTTGCT,CTTTCT,0.002472125039396936,0.00015160703456640388,4.0,26384.0
13,NRAS c.35G>A,C,ACCT,3.0187798631129837e-06,0.00017633574325515782,2.0,11342.0
89,NFE2 c.113_115,TCT,CCT,0.0024721448720532633,0.0009986019572598363,5.0,5007.0
19,JAK2 c.892T>C,TGAC,CA,1.615472745029448e-08,3.9916972696790676e-05,1.0,25052.0
58,CALR c.1154_1155insTTGTC,CCTCATCCTCATCTTTGTCCTCACCATCCTCCTT,CCTT,,1.4767340549640416e-05,1.0,67717.0
33,TET2 c.4249G>T,ATGT,ACGT,0.002472125039396936,0.0003641660597232338,2.0,5492.0
59,RUNX1 c.1103dupC,CGGGCA,CGGGCC,0.002472125039396936,9.155832265152902e-05,1.0,10922.0
6,JAK2 c.3187_3189,CGC,TACGC,0.00029360887694812653,0.00022920009168003668,2.0,8726.0
37,TET2 c.3218G>A,GCTC,GTTC,0.002472125039396936,0.00031259768677711783,2.0,6398.0
36,TP53 c.321C>G,AT,CGT,8.270249619306611e-06,0.00010909884355225835,1.0,9166.0
47,SF3B1 c.1998G>T,ACCT,ATCT,0.002472125039396936,0.0040192926045016075,15.0,3732.0
32,EZH2 c.453_455del,ATTATTTAT,ATTTTTTAT,0.002472125039396936,0.004166666666666667,3.0,720.0
8,ASXL1 c.2245_2246insGG,GGGGGGT,GGGGAGT,0.002472125039396936,0.0005627462014631402,1.0,1777.0
48,NFE2 c.190_194del,AGTAAGTCAT,AGTAAGTT,,0.0001444043321299639,1.0,6925.0
26,TET2 c.685dupA,AT,GTT,1.868673691534836e-05,0.0003679852805887764,2.0,5435.0
19,JAK2 c.892T>C,TGA,CA,4.706846455132084e-06,3.9916972696790676e-05,1.0,25052.0
26,TET2 c.685dupA,T,GTT,0.00030894489610030064,0.0011039558417663294,6.0,5435.0
37,TET2 c.3218G>A,GTGC,GTTC,0.002472125039396936,0.00015629884338855892,1.0,6398.0
32,EZH2 c.453_455del,ATTTCCTAC,ATTTTTTAT,,0.001388888888888889,1.0,720.0
46,EZH2 c.2064T>A,ATTT,GATTT,0.003304873070509295,0.0015255530129672007,2.0,1311.0
54,CBL c.1259G>A,TCATC,TCGGC,,0.0001971608832807571,2.0,10144.0
1,TP53 c.536A>G,AAA,ATG,1.983265632723127e-08,0.0008888888888888889,1.0,1125.0
93,TP53 c.919_920,CC,GC,0.0024834877709156585,0.00024990628514307136,2.0,8003.0
8,ASXL1 c.2245_2246insGG,GAGGAGT,GGGGAGT,0.002472125039396936,0.0016882386043894203,3.0,1777.0
54,CBL c.1259G>A,TCAAC,TCGGC,,0.00029574132492113565,3.0,10144.0
10,PPM1D c.1547C>A,GAGTTGACA,GGAGTTGACA,0.003304870569043036,0.0021413276231263384,1.0,467.0
38,TET2 c.2908dupA,GTCC,GTT,8.48476928559279e-06,6.957489737702637e-05,1.0,14373.0
32,EZH2 c.453_455del,ATTTATTAT,ATTTTTTAT,0.002472125039396936,0.001388888888888889,1.0,720.0
32,EZH2 c.453_455del,ATTTTTTTAT,ATTTTTTAT,4.706846455132084e-06,0.005555555555555556,4.0,720.0
56,GATA2 c.1192C>T,GGTT,GGT,0.0033718935883874468,0.0005836008170411438,2.0,3427.0
32,EZH2 c.453_455del,GTTTTTTAT,ATTTTTTAT,0.002472125039396936,0.005555555555555556,4.0,720.0
19,JAK2 c.892T>C,AA,CA,0.0024834877709156585,0.00039916972696790677,10.0,25052.0
31,TET2 c.4546C>T,CGCAAG,CGCAAA,0.002472125039396936,0.00043617330619366096,3.0,6878.0
31,TET2 c.4546C>T,CGCATA,CGCAAA,0.002472125039396936,0.00014539110206455364,1.0,6878.0
51,SRSF2 c.161C>T,AGAC,GGAC,0.002472125039396936,0.000342773897767685,8.0,23339.0
54,CBL c.1259G>A,CCGC,TCGGC,8.265261159537971e-06,0.0001971608832807571,2.0,10144.0
30,TP53 c.455dupC,GGGCG,GGGCGG,0.004165039873879003,0.034013605442176874,5.0,147.0
19,JAK2 c.892T>C,AC,CA,1.9273000638572044e-05,3.9916972696790676e-05,1.0,25052.0
52,SH2B3 c.1527del,GCGTC,GAGCC,,0.00028461647929415115,2.0,7027.0
38,TET2 c.2908dupA,GTG,GTT,0.0024721534072314534,6.957489737702637e-05,1.0,14373.0
48,NFE2 c.190_194del,AGTAAG,AGTAAGTT,0.0005262101138149881,0.0001444043321299639,1.0,6925.0
6,JAK2 c.3187_3189,TAAC,TACGC,2.4869935097785783e-09,0.00011460004584001834,1.0,8726.0
58,CALR c.1154_1155insTTGTC,CATCATCCTCATCTTTGTCCTCATCATCCTCCTT,CCTT,,1.4767340549640416e-05,1.0,67717.0
24,JAK2 c.731A>G,GGCTT,GGCTTT,0.004165039873879003,0.0001861850679575498,3.0,16113.0
0,JAK2 c.1849G>T,CAA,CAC,0.0024721448720532633,8.890864636585908e-05,2.0,22495.0
23,TP53 c.78delT,GAAGTCGTTT,GAAGTAGTT,8.48476928559279e-06,0.0009737098344693282,1.0,1027.0
32,EZH2 c.453_455del,ATTTTTAT,ATTTTTTAT,8.265261159537971e-06,0.006944444444444444,5.0,720.0
31,TET2 c.4546C>T,CTCAAA,CGCAAA,0.002472125039396936,0.00014539110206455364,1.0,6878.0
48,NFE2 c.190_194del,CGTACGTT,AGTAAGTT,,0.0001444043321299639,1.0,6925.0
57,RRAS c.116G>T,GCCGCCGCCGCC,GCCG,,0.1111111111111111,1.0,9.0
37,TET2 c.3218G>A,GTTCTC,GTTC,,0.00015629884338855892,1.0,6398.0
5,TP53 c.731G>A,ACCGCC,GCCGCC,0.002472125039396936,0.006024096385542169,5.0,830.0
59,RUNX1 c.1103dupC,CGGC,CGGGCC,1.3410424734571233e-06,9.155832265152902e-05,1.0,10922.0
58,CALR c.1154_1155insTTGTC,CCTCTCCTCTTCCTCTCCTC,CCTT,,2.9534681099280832e-05,2.0,67717.0
52,SH2B3 c.1527del,GCC,GAGCC,0.00029360887694812653,0.0004269247189412267,3.0,7027.0
13,NRAS c.35G>A,ACCTTAAAA,ACCT,,8.816787162757891e-05,1.0,11342.0
29,SETD2 c.4702A>G,TTAGC,TTGGC,0.002472125039396936,0.0003769317753486619,3.0,7959.0
58,CALR c.1154_1155insTTGTC,CATCCTCCTCATCCTCATCTTTGTCCTCATCATCCTCCTT,CCTT,,1.4767340549640416e-05,1.0,67717.0
37,TET2 c.3218G>A,GATC,GTTC,0.002472125039396936,0.00031259768677711783,2.0,6398.0
58,CALR c.1154_1155insTTGTC,CTTCCTCTTCCTCTTCATCTTC,CCTT,,1.4767340549640416e-05,1.0,67717.0
0,JAK2 c.1849G>T,TAC,CAC,0.002472125039396936,4.445432318292954e-05,1.0,22495.0
54,CBL c.1259G>A,ATCGGC,TCGGC,0.0018679153724242465,0.0001971608832807571,2.0,10144.0
39,TET2 c.2790_2791del,GGCC,GGCA,0.0024721448720532633,0.00847457627118644,1.0,118.0
57,RRAS c.116G>T,ACCG,GCCG,0.002472125039396936,0.3333333333333333,3.0,9.0
44,ASXL1 c.2407C>T,TGTT,TGCT,0.002472125039396936,0.0006927606511950121,4.0,5774.0
35,TET2 c.4021dupG,GTA,GCA,0.002472125039396936,0.00027631942525559546,2.0,7238.0
6,JAK2 c.3187_3189,TACGCA,TACGC,0.0033671867419323145,0.0013752005500802201,12.0,8726.0
58,CALR c.1154_1155insTTGTC,CCTCATCTTTGTCCTCATCATCCTCCTT,CCTT,,1.4767340549640416e-05,1.0,67717.0
89,NFE2 c.113_115,TGATGGCTCACTTGGAGCATTCAGACCCT,CCT,,0.00019972039145196724,1.0,5007.0
31,TET2 c.4546C>T,AACAAA,CGCAAA,,0.00014539110206455364,1.0,6878.0
59,RUNX1 c.1103dupC,CGCGCC,CGGGCC,0.002472125039396936,9.155832265152902e-05,1.0,10922.0
91,TP53 c.373_375,CGC,CGT,0.002472125039396936,0.00028411781418694954,3.0,10559.0
54,CBL c.1259G>A,CCTGGCAGGAATC,TCGGC,,9.858044164037855e-05,1.0,10144.0
58,CALR c.1154_1155insTTGTC,CCTCCTCCTCATCTTTGTCCTCATCATCCTCCTT,CCTT,,2.9534681099280832e-05,2.0,67717.0
38,TET2 c.2908dupA,GTCT,GTT,8.48476928559279e-06,0.0002087246921310791,3.0,14373.0
10,PPM1D c.1547C>A,AGAGTTGACA,GGAGTTGACA,0.002472125039396936,0.0021413276231263384,1.0,467.0
48,NFE2 c.190_194del,AATAAGTT,AGTAAGTT,0.002472125039396936,0.001299638989169675,9.0,6925.0
26,TET2 c.685dupA,ATT,GTT,0.0024721732398877805,0.0001839926402943882,1.0,5435.0
31,TET2 c.4546C>T,CGAA,CGCAAA,2.0350441590264204e-06,0.00043617330619366096,3.0,6878.0
27,TET2 c.5618T>C,AATGAGAATTGACCCA,AAT,,0.000351493848857645,1.0,2845.0
48,NFE2 c.190_194del,,AGTAAGTT,,0.0001444043321299639,1.0,6925.0
29,SETD2 c.4702A>G,AAGGTGTTCGAAGGAAGGTCTTTGGC,TTGGC,,0.0003769317753486619,3.0,7959.0
31,TET2 c.4546C>T,CGCACA,CGCAAA,0.002472125039396936,0.0005815644082582146,4.0,6878.0
54,CBL c.1259G>A,TCGGA,TCGGC,0.002472125039396936,9.858044164037855e-05,1.0,10144.0
51,SRSF2 c.161C>T,GTAC,GGAC,0.002472125039396936,0.00012854021166288187,3.0,23339.0
38,TET2 c.2908dupA,GTTA,GTT,0.0033671867419323145,0.00013914979475405275,2.0,14373.0
32,EZH2 c.453_455del,ATTTTTTATT,ATTTTTTAT,0.0033671867419323145,0.034722222222222224,25.0,720.0
89,NFE2 c.113_115,CCC,CCT,0.002480083509007629,0.000798881565807869,4.0,5007.0
12,IDH2 c.419G>A,CCTGAT,CCGGAT,0.002472125039396936,0.00019351717464925012,2.0,10335.0
58,CALR c.1154_1155insTTGTC,CATCCTT,CCTT,,1.4767340549640416e-05,1.0,67717.0
58,CALR c.1154_1155insTTGTC,CCTAATCCTCATCTTTGTCCTCATCATCCTCCTT,CCTT,,1.4767340549640416e-05,1.0,67717.0
12,IDH2 c.419G>A,CCGGA,CCGGAT,0.004165039873879003,9.675858732462506e-05,1.0,10335.0
10,PPM1D c.1547C>A,GGGGTTGACA,GGAGTTGACA,0.002472125039396936,0.004282655246252677,2.0,467.0
45,SF3B1 c.2098A>G,CCTTCT,CTTTCT,0.002472125039396936,0.00026531231049120677,7.0,26384.0
58,CALR c.1154_1155insTTGTC,CCTCATCCTCCTCATCCTC,CCTT,,1.4767340549640416e-05,1.0,67717.0
36,TP53 c.321C>G,CGC,CGT,0.002472125039396936,0.0004363953742090334,4.0,9166.0
38,TET2 c.2908dupA,GTGT,GTT,8.48476928559279e-06,6.957489737702637e-05,1.0,14373.0
58,CALR c.1154_1155insTTGTC,CCTCCTCTTTGACGCGGTTAGCAC,CCTT,,2.9534681099280832e-05,2.0,67717.0
58,CALR c.1154_1155insTTGTC,CCTCATCCTCATCTTTGTCCTCATCATCCTCCTTGTC,CCTT,,4.4302021648921246e-05,3.0,67717.0
15,IDH1 c.395G>A,GCGA,ACGA,0.002472125039396936,0.0004203446826397646,1.0,2379.0
19,JAK2 c.892T>C,GA,CA,0.0024721732398877805,7.983394539358135e-05,2.0,25052.0
32,EZH2 c.453_455del,TTTTTTTAT,ATTTTTTAT,0.002472125039396936,0.001388888888888889,1.0,720.0
58,CALR c.1154_1155insTTGTC,CCTCATC,CCTT,,2.9534681099280832e-05,2.0,67717.0
47,SF3B1 c.1998G>T,ATCAT,ATCT,8.48476928559279e-06,0.0002679528403001072,1.0,3732.0
2,DNMT3A c.2644C>T,GGCT,CGGCT,0.003304870569043036,0.003353828954723309,6.0,1789.0
31,TET2 c.4546C>T,CGCGAA,CGCAAA,0.002472125039396936,0.00043617330619366096,3.0,6878.0
34,ASXL1 c.4183C>G,GT,CCAGT,,0.002416292716603383,7.0,2897.0
44,ASXL1 c.2407C>T,TGCC,TGCT,0.002472125039396936,0.0006927606511950121,4.0,5774.0
13,NRAS c.35G>A,AAGT,ACCT,,8.816787162757891e-05,1.0,11342.0
58,CALR c.1154_1155insTTGTC,CCTCTTCCTCATCCTTGTCCTCATCATCCTCCTT,CCTT,,1.4767340549640416e-05,1.0,67717.0
59,RUNX1 c.1103dupC,CTGGCC,CGGGCC,0.002472125039396936,0.00018311664530305805,2.0,10922.0
48,NFE2 c.190_194del,AGTAAGTG,AGTAAGTT,0.002472125039396936,0.0001444043321299639,1.0,6925.0
58,CALR c.1154_1155insTTGTC,CCTCATCCTCATCTTTGTCCTCATCATCCTCCTTGTCC,CCTT,,1.4767340549640416e-05,1.0,67717.0
18,SH2B3 c.894G>A,TCGA,TCCA,0.002472125039396936,9.723842862699339e-05,1.0,10284.0
58,CALR c.1154_1155insTTGTC,CCTCATCCTCATCTTTGTCCTCATCATCCTCCTTGTCCTCTG,CCTT,,4.4302021648921246e-05,3.0,67717.0
29,SETD2 c.4702A>G,TTGGA,TTGGC,0.002472125039396936,0.0012564392511622063,10.0,7959.0
58,CALR c.1154_1155insTTGTC,GTACACT,CCTT,,1.4767340549640416e-05,1.0,67717.0
38,TET2 c.2908dupA,ATTT,GTT,1.3191615740724873e-05,0.00034787448688513185,5.0,14373.0
27,TET2 c.5618T>C,AAAT,AAT,0.0018764001417098392,0.00070298769771529,2.0,2845.0
58,CALR c.1154_1155insTTGTC,CCTCATCACATCTTTGTCCTCATCATCCTCCTT,CCTT,,1.4767340549640416e-05,1.0,67717.0
58,CALR c.1154_1155insTTGTC,CCC,CCTT,1.141837440506474e-05,2.9534681099280832e-05,2.0,67717.0
2,DNMT3A c.2644C>T,CGGAT,CGGCT,0.002472125039396936,0.0005589714924538849,1.0,1789.0
15,IDH1 c.395G>A,ACTA,ACGA,0.002472125039396936,0.0004203446826397646,1.0,2379.0
29,SETD2 c.4702A>G,TCGGC,TTGGC,0.002472125039396936,0.00025128785023244125,2.0,7959.0
58,CALR c.1154_1155insTTGTC,ATCTTTGTCCTCATCATCCTCCTT,CCTT,,1.4767340549640416e-05,1.0,67717.0
24,JAK2 c.731A>G,GGCCTT,GGCTTT,0.0024721448720532633,0.0001861850679575498,3.0,16113.0
50,ASXL1 c.1636C>T,TCT,TGA,,0.0002509410288582183,1.0,3985.0
54,CBL c.1259G>A,TTGCC,TCGGC,,0.0001971608832807571,2.0,10144.0
48,NFE2 c.190_194del,GGTAAGTT,AGTAAGTT,0.002472125039396936,0.0002888086642599278,2.0,6925.0
37,TET2 c.3218G>A,GTTCTGCAGCAGTGGTTTGTCTAGTCAAAACGCGGT,GTTC,,0.00015629884338855892,1.0,6398.0
6,JAK2 c.3187_3189,ACC,TACGC,3.482630793133225e-08,0.00022920009168003668,2.0,8726.0
0,JAK2 c.1849G>T,CACA,CAC,0.0033671867419323145,0.00031118026228050676,7.0,22495.0
45,SF3B1 c.2098A>G,TTTTCT,CTTTCT,0.002472125039396936,0.00018950879320800486,5.0,26384.0
51,SRSF2 c.161C>T,GCAC,GGAC,0.002472125039396936,8.569347444192125e-05,2.0,23339.0
26,TET2 c.685dupA,ATTTT,GTT,1.615472745029448e-08,0.0001839926402943882,1.0,5435.0
51,SRSF2 c.161C>T,GGA,GGAC,0.004165042360872513,0.00012854021166288187,3.0,23339.0
37,TET2 c.3218G>A,TC,GTTC,0.0002936437032560579,0.0009377930603313535,6.0,6398.0
46,EZH2 c.2064T>A,GATTTT,GATTT,0.0033671867419323145,0.0007627765064836003,1.0,1311.0
58,CALR c.1154_1155insTTGTC,CGGGTGCCAAGG,CCTT,,1.4767340549640416e-05,1.0,67717.0
35,TET2 c.4021dupG,GCT,GCA,0.002472125039396936,0.001519756838905775,11.0,7238.0
58,CALR c.1154_1155insTTGTC,CTC,CCTT,8.270249619306611e-06,2.9534681099280832e-05,2.0,67717.0
29,SETD2 c.4702A>G,TTGNC,TTGGC,0.002472125039396936,0.00025128785023244125,2.0,7959.0
22,NFE2 c.817C>T,T,CGT,0.00029494991942158365,0.00033311125916055963,1.0,3002.0
58,CALR c.1154_1155insTTGTC,CGAT,CCTT,,2.9534681099280832e-05,2.0,67717.0
32,EZH2 c.453_455del,TTTTTTAT,ATTTTTTAT,0.003304870569043036,0.002777777777777778,2.0,720.0
48,NFE2 c.190_194del,AGTAAGTTT,AGTAAGTT,0.0033671867419323145,0.0001444043321299639,1.0,6925.0
8,ASXL1 c.2245_2246insGG,GGAGAGT,GGGGAGT,0.002472125039396936,0.0011254924029262803,2.0,1777.0
58,CALR c.1154_1155insTTGTC,TATCACT,CCTT,,4.4302021648921246e-05,3.0,67717.0
58,CALR c.1154_1155insTTGTC,CGACTGATCCTGTATCACT,CCTT,,1.4767340549640416e-05,1.0,67717.0
54,CBL c.1259G>A,TCGGTT,TCGGC,8.48476928559279e-06,9.858044164037855e-05,1.0,10144.0
58,CALR c.1154_1155insTTGTC,CCTTGACC,CCTT,,4.4302021648921246e-05,3.0,67717.0
36,TP53 c.321C>G,CGTAT,CGT,,0.00010909884355225835,1.0,9166.0
0,JAK2 c.1849G>T,CTC,CAC,0.002472125039396936,4.445432318292954e-05,1.0,22495.0
43,TET2 c.2439_2440insA,CAC,CGAT,,0.00011841326228537596,1.0,8445.0
2,DNMT3A c.2644C>T,CGGCC,CGGCT,0.002472125039396936,0.0011179429849077697,2.0,1789.0
38,TET2 c.2908dupA,GAT,GTT,0.0024721448720532633,0.0004174493842621582,6.0,14373.0
59,RUNX1 c.1103dupC,TGGGCC,CGGGCC,0.002472125039396936,0.0003662332906061161,4.0,10922.0
52,SH2B3 c.1527del,GCGCC,GAGCC,0.002472125039396936,0.0004269247189412267,3.0,7027.0
89,NFE2 c.113_115,CTT,CCT,0.0024834679382593314,0.00019972039145196724,1.0,5007.0
92,TP53 c.920-1G>A,GCT,,,1.0,4.0,4.0
4,JAK2 c.839C>T,CGAA,TGAA,0.002472125039396936,0.0004462293618920125,2.0,4482.0
20,ZRSR2 c.884G>C,GTCAT,GTCGT,0.002472125039396936,0.0006668148477439431,3.0,4499.0
41,SETBP1 c.2602G>A,,TCGC,1.574470128535472e-07,0.0011025358324145535,1.0,907.0
47,SF3B1 c.1998G>T,CT,ATCT,0.0002949150931136523,0.0008038585209003215,3.0,3732.0
48,NFE2 c.190_194del,AGTAAGT,AGTAAGTT,0.004165039873879003,0.0001444043321299639,1.0,6925.0
24,JAK2 c.731A>G,GTCTTT,GGCTTT,0.002472125039396936,0.00024824675727673306,4.0,16113.0
31,TET2 c.4546C>T,CGCCCA,CGCAAA,,0.00014539110206455364,1.0,6878.0
38,TET2 c.2908dupA,GCTT,GTT,1.3191615740724873e-05,0.0002782995895081055,4.0,14373.0
36,TP53 c.321C>G,CGTA,CGT,0.0033671867419323145,0.00032729653065677506,3.0,9166.0
54,CBL c.1259G>A,TCGGCA,TCGGC,0.0033671867419323145,9.858044164037855e-05,1.0,10144.0
29,SETD2 c.4702A>G,TAAGC,TTGGC,,0.00012564392511622062,1.0,7959.0
51,SRSF2 c.161C>T,GGACT,GGAC,0.0033671867419323145,0.00012854021166288187,3.0,23339.0
43,TET2 c.2439_2440insA,CGATTAT,CGAT,,0.00011841326228537596,1.0,8445.0
54,CBL c.1259G>A,GCGGC,TCGGC,0.002472125039396936,9.858044164037855e-05,1.0,10144.0
12,IDH2 c.419G>A,CCCGAT,CCGGAT,0.002472125039396936,9.675858732462506e-05,1.0,10335.0
52,SH2B3 c.1527del,GAGCG,GAGCC,0.002472125039396936,0.00028461647929415115,2.0,7027.0
58,CALR c.1154_1155insTTGTC,GCTT,CCTT,0.0024721448720532633,5.9069362198561663e-05,4.0,67717.0
59,RUNX1 c.1103dupC,CGNGCC,CGGGCC,0.002472125039396936,9.155832265152902e-05,1.0,10922.0
58,CALR c.1154_1155insTTGTC,CCTCATCCTCATCTTTTTC,CCTT,,1.4767340549640416e-05,1.0,67717.0
24,JAK2 c.731A>G,GGCTTTT,GGCTTT,0.0033671867419323145,0.00012412337863836653,2.0,16113.0
58,CALR c.1154_1155insTTGTC,AATCTTT,CCTT,,8.860404329784249e-05,6.0,67717.0
10,PPM1D c.1547C>A,GGAGTTGCA,GGAGTTGACA,,0.004282655246252677,2.0,467.0
12,IDH2 c.419G>A,CCGNAT,CCGGAT,0.002472125039396936,9.675858732462506e-05,1.0,10335.0
45,SF3B1 c.2098A>G,TTCT,CTTTCT,0.00029360887694812653,0.00022741055184960583,6.0,26384.0
91,TP53 c.373_375,GAGTACGT,CGT,,9.470593806231651e-05,1.0,10559.0
1,TP53 c.536A>G,ATA,ATG,0.002472125039396936,0.0008888888888888889,1.0,1125.0
58,CALR c.1154_1155insTTGTC,CCTAATCCTCATCTTTGTCCTCATCCTCCTCCTT,CCTT,,1.4767340549640416e-05,1.0,67717.0
24,JAK2 c.731A>G,GCCTT,GGCTTT,1.8681748455579722e-05,0.00031030844659591636,5.0,16113.0
9,ASXL1 c.1815C>A,AGCA,GGCA,0.002472125039396936,0.05357142857142857,6.0,112.0
12,IDH2 c.419G>A,CTGGAT,CCGGAT,0.002472125039396936,9.675858732462506e-05,1.0,10335.0
32,EZH2 c.453_455del,TTTTTATAT,ATTTTTTAT,,0.002777777777777778,2.0,720.0
58,CALR c.1154_1155insTTGTC,CCTCTTC,CCTT,,1.4767340549640416e-05,1.0,67717.0
13,NRAS c.35G>A,AGCT,ACCT,0.002472125039396936,8.816787162757891e-05,1.0,11342.0
58,CALR c.1154_1155insTTGTC,CCNT,CCTT,0.0024721448720532633,1.4767340549640416e-05,1.0,67717.0
91,TP53 c.373_375,C,CGT,0.00052697376811642,9.470593806231651e-05,1.0,10559.0
48,NFE2 c.190_194del,AGTCAGTC,AGTAAGTT,,0.0001444043321299639,1.0,6925.0
48,NFE2 c.190_194del,AGTCAATT,AGTAAGTT,,0.0001444043321299639,1.0,6925.0
33,TET2 c.4249G>T,ACGC,ACGT,0.002472125039396936,0.0005462490895848507,3.0,5492.0
51,SRSF2 c.161C>T,AC,GGAC,0.00029360887694812653,0.00025708042332576374,6.0,23339.0
51,SRSF2 c.161C>T,TGAC,GGAC,0.002472125039396936,0.0001713869488838425,4.0,23339.0
43,TET2 c.2439_2440insA,CGGT,CGAT,0.002472125039396936,0.00023682652457075192,2.0,8445.0
45,SF3B1 c.2098A>G,CGTTCT,CTTTCT,0.002472125039396936,3.790175864160097e-05,1.0,26384.0
38,TET2 c.2908dupA,GTC,GTT,0.0024721534072314534,0.00013914979475405275,2.0,14373.0
58,CALR c.1154_1155insTTGTC,TCCTT,CCTT,0.0018679153724242465,1.4767340549640416e-05,1.0,67717.0
58,CALR c.1154_1155insTTGTC,CTCCACTCAC,CCTT,,1.4767340549640416e-05,1.0,67717.0
35,TET2 c.4021dupG,CC,GCA,1.868673691534836e-05,0.0006907985631389886,5.0,7238.0
93,TP53 c.919_920,GT,GC,0.0024721732398877805,0.000749718855429214,6.0,8003.0
22,NFE2 c.817C>T,CT,CGT,1.868673691534836e-05,0.00033311125916055963,1.0,3002.0
0,JAK2 c.1849G>T,CAG,CAC,0.002472125039396936,4.445432318292954e-05,1.0,22495.0
4,JAK2 c.839C>T,TAAC,TGAA,2.836783451736667e-08,0.00022311468094600624,1.0,4482.0
6,JAK2 c.3187_3189,TAAGC,TACGC,0.002472125039396936,0.00034380013752005503,3.0,8726.0
1,TP53 c.536A>G,ACG,ATG,0.002472125039396936,0.0008888888888888889,1.0,1125.0
25,NFE2 c.714_716delinsAA,TAGG,CGTAGG,0.00029360887694812653,0.0006816632583503749,2.0,2934.0
0,JAK2 c.1849G>T,AACA,CAC,8.48476928559279e-06,0.00026672593909757725,6.0,22495.0
43,TET2 c.2439_2440insA,TGAT,CGAT,0.002472125039396936,0.00011841326228537596,1.0,8445.0
45,SF3B1 c.2098A>G,CTTTCA,CTTTCT,0.002472125039396936,0.00041691934505761066,11.0,26384.0
54,CBL c.1259G>A,CAGC,TCGGC,8.265261159537971e-06,9.858044164037855e-05,1.0,10144.0
43,TET2 c.2439_2440insA,CCAT,CGAT,0.002472125039396936,0.00011841326228537596,1.0,8445.0
12,IDH2 c.419G>A,CCGGCT,CCGGAT,0.002472125039396936,0.0006773101112723754,7.0,10335.0
23,TP53 c.78delT,GAAGTGGTT,GAAGTAGTT,0.002472125039396936,0.004868549172346641,5.0,1027.0
58,CALR c.1154_1155insTTGTC,TATAACCTTCTTC,CCTT,,4.4302021648921246e-05,3.0,67717.0
53,PTPN11 c.1508G>A,TCCCT,TCCC,0.0033671867419323145,0.0010518934081346423,3.0,2852.0
29,SETD2 c.4702A>G,CTGGC,TTGGC,0.002472125039396936,0.00025128785023244125,2.0,7959.0
26,TET2 c.685dupA,GA,GTT,1.042147575581039e-05,0.0003679852805887764,2.0,5435.0
6,JAK2 c.3187_3189,TCCAC,TACGC,,0.00011460004584001834,1.0,8726.0
10,PPM1D c.1547C>A,GGAGTTGAAA,GGAGTTGACA,0.002472125039396936,0.0021413276231263384,1.0,467.0
38,TET2 c.2908dupA,GATCGGAAGAGCACACGTCTG,GTT,,6.957489737702637e-05,1.0,14373.0
48,NFE2 c.190_194del,AGTAAGTN,AGTAAGTT,0.002472125039396936,0.0002888086642599278,2.0,6925.0
35,TET2 c.4021dupG,GAA,GCA,0.0024721534072314534,0.0005526388505111909,4.0,7238.0
58,CALR c.1154_1155insTTGTC,CTCATCCTCATCTTTGCCCTCATCATCCACCTT,CCTT,,1.4767340549640416e-05,1.0,67717.0
31,TET2 c.4546C>T,CAAA,CGCAAA,0.00029360887694812653,0.0008723466123873219,6.0,6878.0
30,TP53 c.455dupC,GGGCAG,GGGCGG,0.002472125039396936,0.006802721088435374,1.0,147.0
36,TP53 c.321C>G,CAC,CGT,,0.00010909884355225835,1.0,9166.0
38,TET2 c.2908dupA,CC,GTT,4.98845976863857e-09,6.957489737702637e-05,1.0,14373.0
57,RRAS c.116G>T,GCCG,GCCG,0.9810645848898527,0.5555555555555556,5.0,9.0
2,DNMT3A c.2644C>T,CAGCT,CGGCT,0.002472125039396936,0.0011179429849077697,2.0,1789.0
10,PPM1D c.1547C>A,GGAGTTGGCA,GGAGTTGACA,0.002472125039396936,0.0021413276231263384,1.0,467.0
6,JAK2 c.3187_3189,CACGC,TACGC,0.002472125039396936,0.00011460004584001834,1.0,8726.0
58,CALR c.1154_1155insTTGTC,CGATCTTCCTCATCTTTGTCCTCATCATCCTCCTT,CCTT,,2.9534681099280832e-05,2.0,67717.0
6,JAK2 c.3187_3189,TGC,TACGC,2.0350441590264204e-06,0.00045840018336007336,4.0,8726.0
28,U2AF1 c.470A>C,ACTN,ACTG,0.002472125039396936,0.00013403029084573114,2.0,14922.0
48,NFE2 c.190_194del,CGTCAGTT,AGTAAGTT,,0.0002888086642599278,2.0,6925.0
1,TP53 c.536A>G,ATGGT,ATG,,0.0017777777777777779,2.0,1125.0
48,NFE2 c.190_194del,AGTAGTT,AGTAAGTT,,0.0001444043321299639,1.0,6925.0
36,TP53 c.321C>G,CCT,CGT,0.0024721448720532633,0.00010909884355225835,1.0,9166.0
51,SRSF2 c.161C>T,GGTC,GGAC,0.002472125039396936,4.2846737220960625e-05,1.0,23339.0
13,NRAS c.35G>A,TCACCT,ACCT,,8.816787162757891e-05,1.0,11342.0
52,SH2B3 c.1527del,GAGGC,GAGCC,0.002472125039396936,0.00014230823964707557,1.0,7027.0
8,ASXL1 c.2245_2246insGG,GGAGT,GGGGAGT,0.00029360887694812653,0.0005627462014631402,1.0,1777.0
26,TET2 c.685dupA,GTA,GTT,0.0024721534072314534,0.0011039558417663294,6.0,5435.0
48,NFE2 c.190_194del,AGTACGTT,AGTAAGTT,0.002472125039396936,0.0004332129963898917,3.0,6925.0
21,TP53 c.830G>A,GGCCA,GGACA,0.002472125039396936,0.000835421888053467,2.0,2394.0
13,NRAS c.35G>A,ATCT,ACCT,0.002472125039396936,0.0002645036148827367,3.0,11342.0
54,CBL c.1259G>A,TGGC,TCGGC,8.265261159537971e-06,0.0004929022082018927,5.0,10144.0
32,EZH2 c.453_455del,ATTTTTTT,ATTTTTTAT,1.041897428955153e-05,0.002777777777777778,2.0,720.0
35,TET2 c.4021dupG,GC,GCA,0.004165044862338772,0.00013815971262779773,1.0,7238.0
54,CBL c.1259G>A,TTGGT,TCGGC,,9.858044164037855e-05,1.0,10144.0
20,ZRSR2 c.884G>C,AAAGTGAACTGTATCCGACATCTGGTT,GTCGT,,0.0002222716159146477,1.0,4499.0
4,JAK2 c.839C>T,TGCA,TGAA,0.002472125039396936,0.0006693440428380187,3.0,4482.0
8,ASXL1 c.2245_2246insGG,GGGGAGTT,GGGGAGT,0.0033671867419323145,0.0005627462014631402,1.0,1777.0
45,SF3B1 c.2098A>G,CTTTCTGCT,CTTTCT,,0.00011370527592480291,3.0,26384.0
54,CBL c.1259G>A,TTGAC,TCGGC,,9.858044164037855e-05,1.0,10144.0
32,EZH2 c.453_455del,ATTTTTAAT,ATTTTTTAT,0.002472125039396936,0.001388888888888889,1.0,720.0
51,SRSF2 c.161C>T,GGNC,GGAC,0.002472125039396936,4.2846737220960625e-05,1.0,23339.0
15,IDH1 c.395G>A,GA,ACGA,0.0002936088769481265,0.0012610340479192938,3.0,2379.0
58,CALR c.1154_1155insTTGTC,TCTTGGC,CCTT,,1.4767340549640416e-05,1.0,67717.0
21,TP53 c.830G>A,AGACA,GGACA,0.002472125039396936,0.0004177109440267335,1.0,2394.0
58,CALR c.1154_1155insTTGTC,CCTCATCCCCATCTTTGTCCTCATCATCCTCCTT,CCTT,,2.9534681099280832e-05,2.0,67717.0
43,TET2 c.2439_2440insA,CGTT,CGAT,0.002472125039396936,0.00023682652457075192,2.0,8445.0
58,CALR c.1154_1155insTTGTC,CATCTTTGTCCTCATCATCCTCCTT,CCTT,,1.4767340549640416e-05,1.0,67717.0
58,CALR c.1154_1155insTTGTC,CCACATCCTCATCTTTGTCCTCATCATCCTC,CCTT,,1.4767340549640416e-05,1.0,67717.0
4,JAK2 c.839C>T,TGC,TGAA,1.0416487296041751e-05,0.00022311468094600624,1.0,4482.0
32,EZH2 c.453_455del,CTTTTTTAC,ATTTTTTAT,,0.001388888888888889,1.0,720.0
58,CALR c.1154_1155insTTGTC,CCTCATCCTCATCTTTGTCCTCATCATCCTCGCT,CCTT,,1.4767340549640416e-05,1.0,67717.0
58,CALR c.1154_1155insTTGTC,CCTCATCCTCATCTTTGTCCTCATCATCCCCTT,CCTT,,1.4767340549640416e-05,1.0,67717.0
3,ASXL1 c.1934dupG,CC,CCC,0.007471920047497374,0.004201680672268907,1.0,238.0
24,JAK2 c.731A>G,GGGTTT,GGCTTT,0.0024721448720532633,6.206168931918326e-05,1.0,16113.0
32,EZH2 c.453_455del,ATTTTTATT,ATTTTTTAT,2.836783451736667e-08,0.008333333333333333,6.0,720.0
58,CALR c.1154_1155insTTGTC,CCTCTTG,CCTT,,2.9534681099280832e-05,2.0,67717.0
59,RUNX1 c.1103dupC,GGCC,CGGGCC,0.00029364370325605783,0.00018311664530305805,2.0,10922.0
58,CALR c.1154_1155insTTGTC,CTTCTTCCTCCTCTTCTC,CCTT,,1.4767340549640416e-05,1.0,67717.0
33,TET2 c.4249G>T,AATCGAGAACGT,ACGT,,0.0001820830298616169,1.0,5492.0
12,IDH2 c.419G>A,TCGGAT,CCGGAT,0.002472125039396936,0.00019351717464925012,2.0,10335.0
6,JAK2 c.3187_3189,TACACA,TACGC,8.48476928559279e-06,0.00011460004584001834,1.0,8726.0
45,SF3B1 c.2098A>G,CTTCC,CTTTCT,1.0416487296041751e-05,3.790175864160097e-05,1.0,26384.0
44,ASXL1 c.2407C>T,TCT,TGCT,8.265261159537971e-06,0.0008659508139937652,5.0,5774.0
38,TET2 c.2908dupA,GGTT,GTT,0.0018764001417098392,6.957489737702637e-05,1.0,14373.0
21,TP53 c.830G>A,GGACG,GGACA,0.002472125039396936,0.0004177109440267335,1.0,2394.0
31,TET2 c.4546C>T,CGCAGA,CGCAAA,0.002472125039396936,0.0002907822041291073,2.0,6878.0
4,JAK2 c.839C>T,TTAA,TGAA,0.0024721448720532633,0.0004462293618920125,2.0,4482.0
17,PPM1D c.1636_1639,ATCAAG,ATCAGG,0.002472125039396936,0.01098901098901099,1.0,91.0
58,CALR c.1154_1155insTTGTC,CCTTGCCCTG,CCTT,,1.4767340549640416e-05,1.0,67717.0
15,IDH1 c.395G>A,CGA,ACGA,0.003304870569043036,0.0016813787305590584,4.0,2379.0
0,JAK2 c.1849G>T,CA,CAC,0.004166050078338824,0.00017781729273171816,4.0,22495.0
58,CALR c.1154_1155insTTGTC,CTCATCCTCATCTTTGTCCTCATCATCCTCTT,CCTT,,1.4767340549640416e-05,1.0,67717.0
13,NRAS c.35G>A,ACT,ACCT,1.8681748455579722e-05,8.816787162757891e-05,1.0,11342.0
40,HRAS c.26_28del,CGCCGGCGCCCA,CGCCGGCGCCCA,0.9810645848898527,1.0,1.0,1.0
58,CALR c.1154_1155insTTGTC,CCTCATCCTCCTCATCCTCATCTTTGTCCTCATCATCCTCCTT,CCTT,,1.4767340549640416e-05,1.0,67717.0
3,ASXL1 c.1934dupG,CCCC,CCC,0.005235102114356561,0.004201680672268907,1.0,238.0
22,NFE2 c.817C>T,CTT,CGT,0.0024721534072314534,0.00033311125916055963,1.0,3002.0
24,JAK2 c.731A>G,GGCTGT,GGCTTT,0.002472125039396936,6.206168931918326e-05,1.0,16113.0
41,SETBP1 c.2602G>A,TCAA,TCGC,,0.0011025358324145535,1.0,907.0
46,EZH2 c.2064T>A,GATT,GATTT,0.004165039873879003,0.0007627765064836003,1.0,1311.0
58,CALR c.1154_1155insTTGTC,CCTTGTCCTCTGCCTCCTCCTCCTCTTTGACGCGGT,CCTT,,1.4767340549640416e-05,1.0,67717.0
31,TET2 c.4546C>T,CCAAA,CGCAAA,8.267762625796832e-06,0.00014539110206455364,1.0,6878.0
45,SF3B1 c.2098A>G,CTTTCC,CTTTCT,0.002472125039396936,0.00015160703456640388,4.0,26384.0
31,TET2 c.4546C>T,GCAAAA,CGCAAA,1.13428988623959e-05,0.00014539110206455364,1.0,6878.0
53,PTPN11 c.1508G>A,CC,TCCC,0.00030894489610030053,0.0010518934081346423,3.0,2852.0
59,RUNX1 c.1103dupC,CGGGCT,CGGGCC,0.002472125039396936,9.155832265152902e-05,1.0,10922.0
12,IDH2 c.419G>A,CCGAT,CCGGAT,8.265261159537971e-06,0.0005805515239477503,6.0,10335.0
58,CALR c.1154_1155insTTGTC,CATCATCCTCATCTTTGTCCTCATCATCCTCCTTGTCCTCT,CCTT,,2.9534681099280832e-05,2.0,67717.0
26,TET2 c.685dupA,GTTNTTT,GTT,,0.0001839926402943882,1.0,5435.0
58,CALR c.1154_1155insTTGTC,CCTCATCCTCATCTTTTTCCTCATCATCCTCCT,CCTT,,1.4767340549640416e-05,1.0,67717.0
35,TET2 c.4021dupG,GA,GCA,1.868673691534836e-05,0.0005526388505111909,4.0,7238.0
44,ASXL1 c.2407C>T,TGGT,TGCT,0.002472125039396936,0.00034638032559750607,2.0,5774.0
37,TET2 c.3218G>A,GTTG,GTTC,0.002472125039396936,0.00015629884338855892,1.0,6398.0
27,TET2 c.5618T>C,AATGAGAATTT,AAT,,0.000351493848857645,1.0,2845.0
58,CALR c.1154_1155insTTGTC,CATCCTCATCTTTGTCCTCATCATCCTCCTT,CCTT,,1.4767340549640416e-05,1.0,67717.0
91,TP53 c.373_375,CCT,CGT,0.0024721448720532633,9.470593806231651e-05,1.0,10559.0
28,U2AF1 c.470A>C,CCTA,ACTG,,6.701514542286557e-05,1.0,14922.0
58,CALR c.1154_1155insTTGTC,CCTTGTCCTCTGCC,CCTT,,2.9534681099280832e-05,2.0,67717.0
58,CALR c.1154_1155insTTGTC,TCT,CCTT,1.042147575581039e-05,1.4767340549640416e-05,1.0,67717.0
91,TP53 c.373_375,T,CGT,0.00029494991942158365,9.470593806231651e-05,1.0,10559.0
59,RUNX1 c.1103dupC,CGGTCC,CGGGCC,0.002472125039396936,9.155832265152902e-05,1.0,10922.0
88,NFE2 c.115-1G>A,CCT,,,0.5,1.0,2.0
28,U2AF1 c.470A>C,TCTG,ACTG,0.002472125039396936,0.00013403029084573114,2.0,14922.0
58,CALR c.1154_1155insTTGTC,CTCATCCTCATCTTT,CCTT,,2.9534681099280832e-05,2.0,67717.0
43,TET2 c.2439_2440insA,CTAT,CGAT,0.002472125039396936,0.00011841326228537596,1.0,8445.0
12,IDH2 c.419G>A,CCGGGT,CCGGAT,0.002472125039396936,0.0008708272859216256,9.0,10335.0
12,IDH2 c.419G>A,GAAA,CCGGAT,,9.675858732462506e-05,1.0,10335.0
20,ZRSR2 c.884G>C,GTCGC,GTCGT,0.002472125039396936,0.0004445432318292954,2.0,4499.0
54,CBL c.1259G>A,ACGAC,TCGGC,,0.0001971608832807571,2.0,10144.0
32,EZH2 c.453_455del,ATTTTATATT,ATTTTTTAT,8.48476928559279e-06,0.004166666666666667,3.0,720.0
58,CALR c.1154_1155insTTGTC,CCCCATCCTCATCTTTGTCCTCATCATCCTCCTCATCCT,CCTT,,1.4767340549640416e-05,1.0,67717.0
31,TET2 c.4546C>T,CGCAA,CGCAAA,0.004165039873879004,0.0008723466123873219,6.0,6878.0
58,CALR c.1154_1155insTTGTC,CCTCATCCTCATCTCTGTCCTCATCATCCTCCAT,CCTT,,1.4767340549640416e-05,1.0,67717.0
29,SETD2 c.4702A>G,TTCGC,TTGGC,0.002472125039396936,0.00012564392511622062,1.0,7959.0
18,SH2B3 c.894G>A,TGGCACCCA,TCCA,,9.723842862699339e-05,1.0,10284.0
28,U2AF1 c.470A>C,ACCT,ACTG,1.983265632723127e-08,6.701514542286557e-05,1.0,14922.0
8,ASXL1 c.2245_2246insGG,AGGGAGT,GGGGAGT,0.002472125039396936,0.0011254924029262803,2.0,1777.0
58,CALR c.1154_1155insTTGTC,CCTTGTCCTCTGCCTCCTCCTCCTCTTTGACGCGGTTAGCT,CCTT,,1.4767340549640416e-05,1.0,67717.0
33,TET2 c.4249G>T,AAGT,ACGT,0.002472125039396936,0.0009104151493080845,5.0,5492.0
44,ASXL1 c.2407C>T,TGCA,TGCT,0.002472125039396936,0.00017319016279875303,1.0,5774.0
37,TET2 c.3218G>A,GTAC,GTTC,0.002472125039396936,0.00031259768677711783,2.0,6398.0
58,CALR c.1154_1155insTTGTC,CCTCCTT,CCTT,,1.4767340549640416e-05,1.0,67717.0
31,TET2 c.4546C>T,CCCACA,CGCAAA,,0.00014539110206455364,1.0,6878.0
55,ASXL1 c.1249C>T,GGA,CGGA,0.003304873070509295,0.001324942033786022,4.0,3019.0
58,CALR c.1154_1155insTTGTC,CTCCTCCTCATCTTTGTCCTCATCATCCTCCTT,CCTT,,1.4767340549640416e-05,1.0,67717.0
59,RUNX1 c.1103dupC,AGGGCC,CGGGCC,0.002472125039396936,9.155832265152902e-05,1.0,10922.0
43,TET2 c.2439_2440insA,CGA,CGAT,0.004165039873879003,0.0005920663114268798,5.0,8445.0
32,EZH2 c.453_455del,ATATTTTAT,ATTTTTTAT,0.002472125039396936,0.001388888888888889,1.0,720.0
16,MPL c.1771T>G,CAGT,TAGT,0.002472125039396936,0.0013908205841446453,1.0,719.0
58,CALR c.1154_1155insTTGTC,CCTTGTCCTCTGCCTCCTCCTCCTCTTTGAGCG,CCTT,,1.4767340549640416e-05,1.0,67717.0
28,U2AF1 c.470A>C,,ACTG,1.574470128535472e-07,0.0002680605816914623,4.0,14922.0
43,TET2 c.2439_2440insA,CAA,CGAT,1.0416487296041751e-05,0.00023682652457075192,2.0,8445.0
58,CALR c.1154_1155insTTGTC,CCTTGTCCTCATCTTTGTCCTCATCATCCTCCTTGTCCTCT,CCTT,,1.4767340549640416e-05,1.0,67717.0
13,NRAS c.35G>A,ACC,ACCT,0.004165042360872512,0.0002645036148827367,3.0,11342.0
93,TP53 c.919_920,G,GC,0.004175314739613875,0.00012495314257153568,1.0,8003.0
88,NFE2 c.115-1G>A,CCA,,,0.5,1.0,2.0
27,TET2 c.5618T>C,T,AAT,0.00029494991942158354,0.00070298769771529,2.0,2845.0
47,SF3B1 c.1998G>T,CTCT,ATCT,0.002472125039396936,0.0010718113612004287,4.0,3732.0
25,NFE2 c.714_716delinsAA,GGTAGG,CGTAGG,0.002472125039396936,0.0006816632583503749,2.0,2934.0
38,TET2 c.2908dupA,GGT,GTT,0.002480055141173112,6.957489737702637e-05,1.0,14373.0
21,TP53 c.830G>A,ACA,GGACA,0.00029360887694812653,0.000835421888053467,2.0,2394.0
51,SRSF2 c.161C>T,ACGTGTACATCCCGCGGGAC,GGAC,,4.2846737220960625e-05,1.0,23339.0
20,ZRSR2 c.884G>C,CGT,GTCGT,0.0002936088769481266,0.0006668148477439431,3.0,4499.0
41,SETBP1 c.2602G>A,CC,TCGC,2.069870466957753e-06,0.002205071664829107,2.0,907.0
47,SF3B1 c.1998G>T,ATCC,ATCT,0.002472125039396936,0.0010718113612004287,4.0,3732.0
25,NFE2 c.714_716delinsAA,CCTAGG,CGTAGG,0.002472125039396936,0.0010224948875255625,3.0,2934.0
41,SETBP1 c.2602G>A,TCAC,TCGC,0.002472125039396936,0.006615214994487321,6.0,907.0
31,TET2 c.4546C>T,CGCCAAA,CGCAAA,8.48476928559279e-06,0.00014539110206455364,1.0,6878.0
89,NFE2 c.113_115,CC,CCT,0.004174309523613822,0.0003994407829039345,2.0,5007.0
46,EZH2 c.2064T>A,GATAT,GATTT,0.002472125039396936,0.002288329519450801,3.0,1311.0
28,U2AF1 c.470A>C,GG,ACTG,7.288279935006296e-07,6.701514542286557e-05,1.0,14922.0
14,TP53 c.659A>G,A,TA,0.0033172966609144117,0.0029895366218236174,2.0,669.0
13,NRAS c.35G>A,ACCTGCTCCAACCACCACCAG,ACCT,,8.816787162757891e-05,1.0,11342.0
34,ASXL1 c.4183C>G,CGAGT,CCAGT,0.002472125039396936,0.00034518467380048324,1.0,2897.0
26,TET2 c.685dupA,TT,GTT,0.0033162972607988996,0.0001839926402943882,1.0,5435.0
54,CBL c.1259G>A,TCGGT,TCGGC,0.002472125039396936,0.0004929022082018927,5.0,10144.0
6,JAK2 c.3187_3189,TACGG,TACGC,0.002472125039396936,0.00011460004584001834,1.0,8726.0
53,PTPN11 c.1508G>A,TCTC,TCCC,0.002472125039396936,0.0003506311360448808,1.0,2852.0
56,GATA2 c.1192C>T,TGT,GGT,0.0024721448720532633,0.0005836008170411438,2.0,3427.0
10,PPM1D c.1547C>A,GGAGTTAACA,GGAGTTGACA,0.002472125039396936,0.0021413276231263384,1.0,467.0
45,SF3B1 c.2098A>G,CTTAT,CTTTCT,,7.580351728320194e-05,2.0,26384.0
56,GATA2 c.1192C>T,CGT,GGT,0.0024721448720532633,0.0005836008170411438,2.0,3427.0
1,TP53 c.536A>G,ATT,ATG,0.0024721448720532633,0.0017777777777777779,2.0,1125.0
43,TET2 c.2439_2440insA,GA,CGAT,1.4029802986648403e-05,0.00023682652457075192,2.0,8445.0
32,EZH2 c.453_455del,ATTTTATAT,ATTTTTTAT,0.002472125039396936,0.002777777777777778,2.0,720.0
39,TET2 c.2790_2791del,GCA,GGCA,0.003304870569043036,0.00847457627118644,1.0,118.0
56,GATA2 c.1192C>T,GGGT,GGT,0.0018764001417098392,0.0002918004085205719,1.0,3427.0
58,CALR c.1154_1155insTTGTC,CCTCATCCTCATCCTT,CCTT,,1.4767340549640416e-05,1.0,67717.0
32,EZH2 c.453_455del,ATTTTTTCT,ATTTTTTAT,0.002472125039396936,0.001388888888888889,1.0,720.0
41,SETBP1 c.2602G>A,GC,TCGC,0.0002949150931136523,0.002205071664829107,2.0,907.0
58,CALR c.1154_1155insTTGTC,CCTCATCCTCATCTTTGTCCTCATCATCCTCCTTGTCCTCTGCT,CCTT,,1.4767340549640416e-05,1.0,67717.0
37,TET2 c.3218G>A,GTTCT,GTTC,0.0033671867419323145,0.0009377930603313535,6.0,6398.0
12,IDH2 c.419G>A,,CCGGAT,,9.675858732462506e-05,1.0,10335.0
31,TET2 c.4546C>T,CGCAAAAGTTAATGTATTAT,CGCAAA,,0.0002907822041291073,2.0,6878.0
58,CALR c.1154_1155insTTGTC,TC,CCTT,2.0350441590264204e-06,2.9534681099280832e-05,2.0,67717.0
51,SRSF2 c.161C>T,GCC,GGAC,8.267762625796832e-06,4.2846737220960625e-05,1.0,23339.0
58,CALR c.1154_1155insTTGTC,CCAC,CCTT,,2.9534681099280832e-05,2.0,67717.0
6,JAK2 c.3187_3189,ACGT,TACGC,8.265261159537971e-06,0.00011460004584001834,1.0,8726.0
23,TP53 c.78delT,GCATTAGTT,GAAGTAGTT,,0.0009737098344693282,1.0,1027.0
23,TP53 c.78delT,GACGTAGTT,GAAGTAGTT,0.002472125039396936,0.0009737098344693282,1.0,1027.0
32,EZH2 c.453_455del,ATTTTTTGTT,ATTTTTTAT,8.48476928559279e-06,0.001388888888888889,1.0,720.0
31,TET2 c.4546C>T,CACAAAA,CGCAAA,8.48476928559279e-06,0.00014539110206455364,1.0,6878.0
25,NFE2 c.714_716delinsAA,CGTAG,CGTAGG,0.004165039873879003,0.00034083162917518747,1.0,2934.0
52,SH2B3 c.1527del,GACC,GAGCC,1.0418988762300611e-05,0.00014230823964707557,1.0,7027.0
26,TET2 c.685dupA,,GTT,3.0187798631129833e-06,0.0001839926402943882,1.0,5435.0
58,CALR c.1154_1155insTTGTC,CCTCATCCTCATCTTTGTCCTCATCATC,CCTT,,1.4767340549640416e-05,1.0,67717.0
58,CALR c.1154_1155insTTGTC,CCTCGTCCTCCTCATCCTCATCTTTGTCCTCATCATCCTCCTT,CCTT,,2.9534681099280832e-05,2.0,67717.0
54,CBL c.1259G>A,CCTAC,TCGGC,,9.858044164037855e-05,1.0,10144.0
24,JAK2 c.731A>G,GCTTTT,GGCTTT,1.1342898862395898e-05,0.00012412337863836653,2.0,16113.0
6,JAK2 c.3187_3189,ACCC,TACGC,8.265261159537971e-06,0.00034380013752005503,3.0,8726.0
39,TET2 c.2790_2791del,GACA,GGCA,0.002472125039396936,0.00847457627118644,1.0,118.0
31,TET2 c.4546C>T,CGAAA,CGCAAA,1.0418988762300611e-05,0.0002907822041291073,2.0,6878.0
52,SH2B3 c.1527del,GGGTC,GAGCC,,0.00014230823964707557,1.0,7027.0
20,ZRSR2 c.884G>C,GCCGC,GTCGT,,0.0002222716159146477,1.0,4499.0
5,TP53 c.731G>A,GTCGCC,GCCGCC,0.002472125039396936,0.0012048192771084338,1.0,830.0
58,CALR c.1154_1155insTTGTC,CCTTGTCCTCTGCCTCCTCCTCCTCTTTGACGCGGTT,CCTT,,2.9534681099280832e-05,2.0,67717.0
33,TET2 c.4249G>T,ACGG,ACGT,0.002472125039396936,0.0001820830298616169,1.0,5492.0
59,RUNX1 c.1103dupC,CGTGCC,CGGGCC,0.002472125039396936,9.155832265152902e-05,1.0,10922.0
54,CBL c.1259G>A,GC,TCGGC,3.0709723069472655e-09,9.858044164037855e-05,1.0,10144.0
58,CALR c.1154_1155insTTGTC,GCCTT,CCTT,0.0018679153724242465,1.4767340549640416e-05,1.0,67717.0
12,IDH2 c.419G>A,CAGAT,CCGGAT,8.265261159537971e-06,9.675858732462506e-05,1.0,10335.0
19,JAK2 c.892T>C,GTGA,CA,,3.9916972696790676e-05,1.0,25052.0
56,GATA2 c.1192C>T,GGC,GGT,0.0024721732398877805,0.0005836008170411438,2.0,3427.0
12,IDH2 c.419G>A,CAGTAC,CCGGAT,,9.675858732462506e-05,1.0,10335.0
42,ASXL1 c.2535del,CT,CTGG,0.000526210113814988,0.002840909090909091,1.0,352.0
22,NFE2 c.817C>T,TGT,CGT,0.002472125039396936,0.00033311125916055963,1.0,3002.0
52,SH2B3 c.1527del,AACC,GAGCC,8.265261159537971e-06,0.00014230823964707557,1.0,7027.0
52,SH2B3 c.1527del,GGGCC,GAGCC,0.002472125039396936,0.00014230823964707557,1.0,7027.0
54,CBL c.1259G>A,TCTGC,TCGGC,0.002472125039396936,9.858044164037855e-05,1.0,10144.0
58,CALR c.1154_1155insTTGTC,CCTCTTCCCCCTCTCTGTCCTCACCATCCTCCTT,CCTT,,1.4767340549640416e-05,1.0,67717.0
58,CALR c.1154_1155insTTGTC,CATC,CCTT,2.836783451736667e-08,1.4767340549640416e-05,1.0,67717.0
1,TP53 c.536A>G,ATC,ATG,0.002472125039396936,0.0008888888888888889,1.0,1125.0
38,TET2 c.2908dupA,GTTN,GTT,0.0033671867419323145,0.00013914979475405275,2.0,14373.0
45,SF3B1 c.2098A>G,CTTTCG,CTTTCT,0.002472125039396936,3.790175864160097e-05,1.0,26384.0
13,NRAS c.35G>A,CT,ACCT,0.0002936437032560578,8.816787162757891e-05,1.0,11342.0
58,CALR c.1154_1155insTTGTC,CCTCATCCTCATCTTTGTCCTCATCATCCTCCTTGTCCTCTGCC,CCTT,,2.9534681099280832e-05,2.0,67717.0
59,RUNX1 c.1103dupC,CGGGGCC,CGGGCC,1.3191615740724873e-05,9.155832265152902e-05,1.0,10922.0
41,SETBP1 c.2602G>A,CCGC,TCGC,0.002472125039396936,0.0011025358324145535,1.0,907.0
32,EZH2 c.453_455del,AT,ATTTTTTAT,,0.001388888888888889,1.0,720.0
58,CALR c.1154_1155insTTGTC,CATCATCCTCCTT,CCTT,,1.4767340549640416e-05,1.0,67717.0
38,TET2 c.2908dupA,T,GTT,0.00030894489610030064,6.957489737702637e-05,1.0,14373.0
50,ASXL1 c.1636C>T,TAA,TGA,0.0024721534072314534,0.0010037641154328732,4.0,3985.0
34,ASXL1 c.4183C>G,ACAGT,CCAGT,0.002472125039396936,0.00034518467380048324,1.0,2897.0
33,TET2 c.4249G>T,ACTT,ACGT,0.002472125039396936,0.0003641660597232338,2.0,5492.0
43,TET2 c.2439_2440insA,CAAC,CGAT,,0.00011841326228537596,1.0,8445.0
8,ASXL1 c.2245_2246insGG,GGGGAGC,GGGGAGT,0.002472125039396936,0.0005627462014631402,1.0,1777.0
47,SF3B1 c.1998G>T,ACCTT,ATCT,8.48476928559279e-06,0.0002679528403001072,1.0,3732.0
58,CALR c.1154_1155insTTGTC,CTCTCCTCATCTTTGTC,CCTT,,1.4767340549640416e-05,1.0,67717.0
43,TET2 c.2439_2440insA,CG,CGAT,0.000526210113814988,0.00011841326228537596,1.0,8445.0
12,IDH2 c.419G>A,TGGAT,CCGGAT,8.265261159537971e-06,0.00019351717464925012,2.0,10335.0
3,ASXL1 c.1934dupG,,CCC,3.0187798631129837e-06,0.012605042016806723,3.0,238.0
89,NFE2 c.113_115,CGGAAGA,CCT,,0.00019972039145196724,1.0,5007.0
27,TET2 c.5618T>C,AGT,AAT,0.0024721534072314534,0.000351493848857645,1.0,2845.0
58,CALR c.1154_1155insTTGTC,CTCATC,CCTT,,1.4767340549640416e-05,1.0,67717.0
25,NFE2 c.714_716delinsAA,CATAGGA,CGTAGG,8.48476928559279e-06,0.00034083162917518747,1.0,2934.0
52,SH2B3 c.1527del,GAGT,GAGCC,1.0416487296041751e-05,0.00014230823964707557,1.0,7027.0
23,TP53 c.78delT,GAAGTAGT,GAAGTAGTT,0.004165039873879003,0.0009737098344693282,1.0,1027.0
58,CALR c.1154_1155insTTGTC,CCTTGTCCTCTGCCTCCTCCTCCTCTTTGACGCG,CCTT,,1.4767340549640416e-05,1.0,67717.0
10,PPM1D c.1547C>A,GGAATTGACA,GGAGTTGACA,0.002472125039396936,0.0021413276231263384,1.0,467.0
36,TP53 c.321C>G,CGN,CGT,0.002472125039396936,0.00010909884355225835,1.0,9166.0
52,SH2B3 c.1527del,AAGCC,GAGCC,0.002472125039396936,0.00028461647929415115,2.0,7027.0
31,TET2 c.4546C>T,CGCACC,CGCAAA,,0.00014539110206455364,1.0,6878.0
7,SRSF2 c.284C>G,GGGG,GGGGG,0.007471920047497373,0.002770083102493075,1.0,361.0
19,JAK2 c.892T>C,CCA,CA,0.0018764001417098392,3.9916972696790676e-05,1.0,25052.0
58,CALR c.1154_1155insTTGTC,CCTTGTCCTCTGCCTCC,CCTT,,1.4767340549640416e-05,1.0,67717.0
18,SH2B3 c.894G>A,TCC,TCCA,0.004165042360872513,0.00029171528588098014,3.0,10284.0
58,CALR c.1154_1155insTTGTC,CCTTGTCCT,CCTT,,1.4767340549640416e-05,1.0,67717.0
6,JAK2 c.3187_3189,TCCCC,TACGC,,0.00022920009168003668,2.0,8726.0
29,SETD2 c.4702A>G,,TTGGC,,0.00025128785023244125,2.0,7959.0
6,JAK2 c.3187_3189,TCCC,TACGC,,0.00011460004584001834,1.0,8726.0
58,CALR c.1154_1155insTTGTC,CGT,CCTT,1.8681748455579722e-05,1.4767340549640416e-05,1.0,67717.0
7,SRSF2 c.284C>G,AGGGG,GGGGG,0.002480083509007629,0.002770083102493075,1.0,361.0
25,NFE2 c.714_716delinsAA,GG,CGTAGG,,0.00034083162917518747,1.0,2934.0
14,TP53 c.659A>G,,TA,0.0008338487937497626,0.0014947683109118087,1.0,669.0
25,NFE2 c.714_716delinsAA,CGTATG,CGTAGG,0.002472125039396936,0.00034083162917518747,1.0,2934.0
42,ASXL1 c.2535del,CTG,CTGG,0.004165039873879003,0.002840909090909091,1.0,352.0
47,SF3B1 c.1998G>T,ATAT,ATCT,0.002472125039396936,0.0002679528403001072,1.0,3732.0
58,CALR c.1154_1155insTTGTC,TCTTGAG,CCTT,,1.4767340549640416e-05,1.0,67717.0
58,CALR c.1154_1155insTTGTC,CCTTTGTGATTGTGTTTTGACC,CCTT,,1.4767340549640416e-05,1.0,67717.0
59,RUNX1 c.1103dupC,CGGAC,CGGGCC,1.0416487296041751e-05,9.155832265152902e-05,1.0,10922.0
51,SRSF2 c.161C>T,GGGT,GGAC,1.983265632723127e-08,4.2846737220960625e-05,1.0,23339.0
46,EZH2 c.2064T>A,GCTTT,GATTT,0.002472125039396936,0.0007627765064836003,1.0,1311.0
58,CALR c.1154_1155insTTGTC,CGGT,CCTT,,1.4767340549640416e-05,1.0,67717.0
50,ASXL1 c.1636C>T,TTC,TGA,1.983265632723127e-08,0.0002509410288582183,1.0,3985.0
28,U2AF1 c.470A>C,AC,ACTG,0.000526210113814988,0.00013403029084573114,2.0,14922.0
51,SRSF2 c.161C>T,GGGAC,GGAC,0.0018679153724242465,4.2846737220960625e-05,1.0,23339.0
23,TP53 c.78delT,GCAGTAGTT,GAAGTAGTT,0.002472125039396936,0.0009737098344693282,1.0,1027.0
53,PTPN11 c.1508G>A,CCCC,TCCC,0.0024834877709156585,0.0003506311360448808,1.0,2852.0
58,CALR c.1154_1155insTTGTC,ATCACT,CCTT,,2.9534681099280832e-05,2.0,67717.0
47,SF3B1 c.1998G>T,ACCC,ATCT,,0.0002679528403001072,1.0,3732.0
4,JAK2 c.839C>T,TGGC,TGAA,,0.0004462293618920125,2.0,4482.0
45,SF3B1 c.2098A>G,CTTACTGCT,CTTTCT,,7.580351728320194e-05,2.0,26384.0
54,CBL c.1259G>A,TGATC,TCGGC,,9.858044164037855e-05,1.0,10144.0
58,CALR c.1154_1155insTTGTC,CCTCATCCTCATCTTTGTCCTCATCATCCTCCTTGTCCTCTGC,CCTT,,2.9534681099280832e-05,2.0,67717.0
0,JAK2 c.1849G>T,GAAAC,CAC,,0.00013336296954878863,3.0,22495.0
34,ASXL1 c.4183C>G,AGT,CCAGT,0.00029360887694812653,0.00034518467380048324,1.0,2897.0
31,TET2 c.4546C>T,AAA,CGCAAA,3.0709723069472655e-09,0.00014539110206455364,1.0,6878.0
29,SETD2 c.4702A>G,TTAC,TTGGC,,0.00012564392511622062,1.0,7959.0
28,U2AF1 c.470A>C,TG,ACTG,0.0002936088769481265,6.701514542286557e-05,1.0,14922.0
31,TET2 c.4546C>T,CAAAA,CGCAAA,1.0077174663117265e-06,0.00014539110206455364,1.0,6878.0
49,KRAS c.173C>T,T,CTGT,1.775494534570045e-06,0.00015330369461904033,1.0,6523.0
58,CALR c.1154_1155insTTGTC,CTTTGTCCTCATCATCCTCCTT,CCTT,,1.4767340549640416e-05,1.0,67717.0
19,JAK2 c.892T>C,CAA,CA,0.0033718935883874468,3.9916972696790676e-05,1.0,25052.0
31,TET2 c.4546C>T,CGCAAAAGTTAATGTATTTAT,CGCAAA,,0.00014539110206455364,1.0,6878.0
52,SH2B3 c.1527del,GACCC,GAGCC,0.002472125039396936,0.00014230823964707557,1.0,7027.0
44,ASXL1 c.2407C>T,TCC,TGCT,1.0416487296041751e-05,0.00034638032559750607,2.0,5774.0
29,SETD2 c.4702A>G,TTGGCA,TTGGC,0.0033671867419323145,0.00012564392511622062,1.0,7959.0
47,SF3B1 c.1998G>T,ATTT,ATCT,0.002472125039396936,0.0002679528403001072,1.0,3732.0
58,CALR c.1154_1155insTTGTC,CCTCATCCTCATCTTTGTCCTCCTCCTCCTCCTT,CCTT,,1.4767340549640416e-05,1.0,67717.0
41,SETBP1 c.2602G>A,TCG,TCGC,0.004165042375345262,0.0011025358324145535,1.0,907.0
18,SH2B3 c.894G>A,TCCATGAATTCAGC,TCCA,,9.723842862699339e-05,1.0,10284.0
22,NFE2 c.817C>T,CGC,CGT,0.002472125039396936,0.00033311125916055963,1.0,3002.0
43,TET2 c.2439_2440insA,CGTTT,CGAT,8.48476928559279e-06,0.00011841326228537596,1.0,8445.0
48,NFE2 c.190_194del,TAAGTT,AGTAAGTT,0.00029360887694812653,0.0001444043321299639,1.0,6925.0
51,SRSF2 c.161C>T,GGCT,GGAC,2.836783451736667e-08,4.2846737220960625e-05,1.0,23339.0
16,MPL c.1771T>G,TCGT,TAGT,0.002472125039396936,0.0013908205841446453,1.0,719.0
50,ASXL1 c.1636C>T,TGG,TGA,0.0024721448720532633,0.0002509410288582183,1.0,3985.0
19,JAK2 c.892T>C,TTCTTTATGTTTCCCTCTTGACCA,CA,,3.9916972696790676e-05,1.0,25052.0
43,TET2 c.2439_2440insA,CAT,CGAT,8.265261159537971e-06,0.00023682652457075192,2.0,8445.0
8,ASXL1 c.2245_2246insGG,GGGGAAT,GGGGAGT,0.002472125039396936,0.0005627462014631402,1.0,1777.0
38,TET2 c.2908dupA,GATT,GTT,1.3191615740724873e-05,6.957489737702637e-05,1.0,14373.0
31,TET2 c.4546C>T,CGCAAT,CGCAAA,0.002472125039396936,0.00014539110206455364,1.0,6878.0
52,SH2B3 c.1527del,GANCC,GAGCC,0.002472125039396936,0.00014230823964707557,1.0,7027.0
19,JAK2 c.892T>C,CACTGAATTCCACCGTTTCCAGTTATTACGAT,CA,,3.9916972696790676e-05,1.0,25052.0
58,CALR c.1154_1155insTTGTC,CACT,CCTT,1.983265632723127e-08,1.4767340549640416e-05,1.0,67717.0
32,EZH2 c.453_455del,ATTTTTTGT,ATTTTTTAT,0.002472125039396936,0.001388888888888889,1.0,720.0
28,U2AF1 c.470A>C,CCTT,ACTG,,6.701514542286557e-05,1.0,14922.0
58,CALR c.1154_1155insTTGTC,TTATTTATGTACTTGT,CCTT,,1.4767340549640416e-05,1.0,67717.0
20,ZRSR2 c.884G>C,GTCNT,GTCGT,0.002472125039396936,0.0002222716159146477,1.0,4499.0
32,EZH2 c.453_455del,ATTATTTATTAT,ATTTTTTAT,,0.001388888888888889,1.0,720.0
9,ASXL1 c.1815C>A,GGCC,GGCA,0.0024721448720532633,0.008928571428571428,1.0,112.0
58,CALR c.1154_1155insTTGTC,CCTCATCCTCATCTTTGTCCTCATCATCCT,CCTT,,1.4767340549640416e-05,1.0,67717.0
44,ASXL1 c.2407C>T,AGCT,TGCT,0.002472125039396936,0.00017319016279875303,1.0,5774.0
0,JAK2 c.1849G>T,NAC,CAC,0.002472125039396936,4.445432318292954e-05,1.0,22495.0
50,ASXL1 c.1636C>T,TGT,TGA,0.002472125039396936,0.0002509410288582183,1.0,3985.0
58,CALR c.1154_1155insTTGTC,CCTCATCCTCATCTTTGTCCT,CCTT,,1.4767340549640416e-05,1.0,67717.0
16,MPL c.1771T>G,TGTT,TAGT,2.836783451736667e-08,0.0013908205841446453,1.0,719.0
33,TET2 c.4249G>T,CCGC,ACGT,,0.0001820830298616169,1.0,5492.0
32,EZH2 c.453_455del,TTTTTTCT,ATTTTTTAT,8.265261159537971e-06,0.001388888888888889,1.0,720.0
6,JAK2 c.3187_3189,TGCGC,TACGC,0.002472125039396936,0.00011460004584001834,1.0,8726.0
58,CALR c.1154_1155insTTGTC,CATCATCCTCATCCTT,CCTT,,1.4767340549640416e-05,1.0,67717.0
8,ASXL1 c.2245_2246insGG,GGGGAG,GGGGAGT,0.004165039873879003,0.0005627462014631402,1.0,1777.0
58,CALR c.1154_1155insTTGTC,CATCCTCATCCAGACTTGCCCTTTTGTCATCAGATGTGAT,CCTT,,1.4767340549640416e-05,1.0,67717.0
23,TP53 c.78delT,GAGTAGTT,GAAGTAGTT,8.265261159537971e-06,0.0009737098344693282,1.0,1027.0
58,CALR c.1154_1155insTTGTC,CCTCATCCTCATCTTTGTCCTCATCATCCTCCTTGT,CCTT,,1.4767340549640416e-05,1.0,67717.0
53,PTPN11 c.1508G>A,TCCT,TCCC,0.0024721534072314534,0.0003506311360448808,1.0,2852.0
52,SH2B3 c.1527del,GATCC,GAGCC,0.002472125039396936,0.00014230823964707557,1.0,7027.0
5,TP53 c.731G>A,GCCTCC,GCCGCC,0.002472125039396936,0.0012048192771084338,1.0,830.0
28,U2AF1 c.470A>C,CTCCTCGTGTGCATTCTGCCATCTCATACTG,ACTG,,6.701514542286557e-05,1.0,14922.0
59,RUNX1 c.1103dupC,CGGGAC,CGGGCC,0.002472125039396936,9.155832265152902e-05,1.0,10922.0
58,CALR c.1154_1155insTTGTC,TTCATC,CCTT,,1.4767340549640416e-05,1.0,67717.0
11,ASXL1 c.2081_2099dup_0,,,,,0.0,0.0
